TF,target,target_symbol,target_gene_id,signed_association,absolute_association,p_value,positive_sign_frequency,bootstrap_sign_consistency,bootstrap_top1_frequency,bootstrap_top5_frequency,bootstrap_top10_frequency,fdr_global,stable_edge,importance,rank_within_TF,percentile_within_TF,grnboost_top1,grnboost_top5,grnboost_top10,effective_guides_used,effective_guide_names,perturbation_log2fc,perturbation_p_value,guide_direction_consistent,minimum_absolute_guide_log2fc,leave_one_guide_out_direction_consistent,perturbation_fdr,E1_supported,direction_concordant_with_knockout,E1_direction_concordant,feature_index,effective_guides_used_time_resolved,effective_guide_names_time_resolved,strict_time_resolved_testable,strict_time_resolved_unresolved_reason,interaction_f_stat,interaction_p_value,model_df_numerator,model_df_denominator,effect_day 7,effect_se_day 7,effect_p_value_day 7,effect_day 9,effect_se_day 9,effect_p_value_day 9,effect_day 11,effect_se_day 11,effect_p_value_day 11,effect_day 14,effect_se_day 14,effect_p_value_day 14,effect_difference_day 7_vs_day 9,effect_difference_se_day 7_vs_day 9,effect_difference_p_value_day 7_vs_day 9,effect_difference_day 7_vs_day 11,effect_difference_se_day 7_vs_day 11,effect_difference_p_value_day 7_vs_day 11,effect_difference_day 7_vs_day 14,effect_difference_se_day 7_vs_day 14,effect_difference_p_value_day 7_vs_day 14,effect_difference_day 9_vs_day 11,effect_difference_se_day 9_vs_day 11,effect_difference_p_value_day 9_vs_day 11,effect_difference_day 9_vs_day 14,effect_difference_se_day 9_vs_day 14,effect_difference_p_value_day 9_vs_day 14,effect_difference_day 11_vs_day 14,effect_difference_se_day 11_vs_day 14,effect_difference_p_value_day 11_vs_day 14,consistent_effective_guides_day 7,effective_guide_direction_consistent_day 7,leave_one_effective_guide_out_direction_consistent_day 7,consistent_effective_guides_day 9,effective_guide_direction_consistent_day 9,leave_one_effective_guide_out_direction_consistent_day 9,consistent_effective_guides_day 11,effective_guide_direction_consistent_day 11,leave_one_effective_guide_out_direction_consistent_day 11,consistent_effective_guides_day 14,effective_guide_direction_consistent_day 14,leave_one_effective_guide_out_direction_consistent_day 14,effect_fdr_edge_time_day 7,effect_fdr_edge_time_day 9,effect_fdr_edge_time_day 11,effect_fdr_edge_time_day 14,interaction_fdr,effect_fdr_within_timepoint_day 7,strict_total_support_day 7,strict_direction_concordant_day 7,negligible_effect_supported_day 7,effect_fdr_within_timepoint_day 9,strict_total_support_day 9,strict_direction_concordant_day 9,negligible_effect_supported_day 9,effect_fdr_within_timepoint_day 11,strict_total_support_day 11,strict_direction_concordant_day 11,negligible_effect_supported_day 11,effect_fdr_within_timepoint_day 14,strict_total_support_day 14,strict_direction_concordant_day 14,negligible_effect_supported_day 14,effect_difference_fdr_edge_pair_day 7_vs_day 9,effect_difference_fdr_edge_pair_day 7_vs_day 11,effect_difference_fdr_edge_pair_day 7_vs_day 14,effect_difference_fdr_edge_pair_day 9_vs_day 11,effect_difference_fdr_edge_pair_day 9_vs_day 14,effect_difference_fdr_edge_pair_day 11_vs_day 14,strict_any_timepoint_support,strict_support_pattern,strict_temporal_support_class
BCL11A,SSX2IP,SSX2IP,ENSG00000117155,0.1897966581943535,0.1897966581943535,5.319535665615904e-12,1.0,1.0,0.62,0.98,0.99,3.877941500233994e-09,True,11.00285816192627,354.0,0.048559670781893,False,True,True,2,BCL11A_686;BCL11A_752,-0.3146324628658414,0.0662966460004536,True,0.0682458577763469,True,0.4158607794573909,False,True,False,1391,2,BCL11A_686;BCL11A_752,True,not_applicable,3.814432369311481,0.015173749039270901,3.0,52.0,0.015902671505971435,0.049177236307187865,0.7477084420721388,-0.09399159620949704,0.04724415743250338,0.051919092453833506,-0.10375760982369019,0.07583140684235583,0.17711181847267896,-0.2748923959897749,0.07104462491201168,0.0003058988298035652,0.10989426771546848,0.06819392188692595,0.11312547152626674,0.11966028132966162,0.09038142969937955,0.1913110797534424,0.2907950674957463,0.0864045097185409,0.0014423779792045435,0.009766013614193145,0.08934434887108446,0.9133792814356687,0.18090079978027782,0.08531910184944279,0.03877209318688651,0.17113478616608468,0.10391217923121099,0.10560595330974698,1.0,0.0,0.0,2.0,1.0,1.0,2.0,1.0,1.0,2.0,1.0,1.0,0.9190257952098403,0.30032010356195143,0.5330438567631695,0.01252575208353546,0.20429917146616058,0.9233605840192444,False,False,True,0.28563287109843716,False,True,False,0.5747839086363585,False,True,False,0.00626287604176773,True,True,False,0.6373046151347953,0.7248981206286408,0.09053127444526958,0.9924707834594276,0.4560944832946035,0.6150167133568616,True,0001,localized_support_no_detected_heterogeneity
BCL11A,CMAS,CMAS,ENSG00000111726,0.1498521921924347,0.1498521921924347,5.7506239360434217e-08,1.0,1.0,0.17,0.73,0.89,9.637252527300356e-06,True,11.306780815124512,286.0,0.0392318244170096,False,True,True,2,BCL11A_686;BCL11A_752,0.0222638587391529,0.8139775904259164,False,0.0301519692594676,True,0.9590810020570693,False,False,False,21374,2,BCL11A_686;BCL11A_752,True,not_applicable,2.5449871488719307,0.06605032075428183,3.0,52.0,-0.07008921546441921,0.054248075829146127,0.20206537577944675,-0.0020898525407907487,0.0521156703250516,0.9681667533851265,-0.2741445496655296,0.08365065256856818,0.0018713199338839734,-0.07872903223428328,0.07837028854988212,0.3197522358987771,-0.06799936292362846,0.07522563940967367,0.3701967349392782,0.20405533420111038,0.09970097996665876,0.04576017858869977,0.00863981676986407,0.09531398563986597,0.9281222746228613,0.27205469712473884,0.09855696205026189,0.007956050609954197,0.07663917969349253,0.0941166575098226,0.41918675408646944,-0.1954155174312463,0.11462693314635564,0.0942009728169665,2.0,1.0,1.0,2.0,1.0,0.0,2.0,1.0,1.0,2.0,1.0,1.0,0.5727240862505036,0.99135622841688,0.04375000148542201,0.6639823665968709,0.3795515896699191,0.5727240862505036,False,True,False,0.9784814722036738,False,True,True,0.08088260603120728,True,True,False,0.6406709503837482,False,True,False,0.851857732175486,0.4905449929350352,0.9935989627366414,0.22925212498312464,0.8677736002527122,0.6129801716089487,True,0010,localized_support_no_detected_heterogeneity
NFE2,SOX6,SOX6,ENSG00000110693,0.2552008069603036,0.2552008069603036,9.263325388043362e-21,1.0,1.0,1.0,1.0,1.0,3.3764821039418056e-17,True,6.7774977684021,508.0,0.0696844993141289,False,False,True,3,NFE2_288;NFE2_533;NFE2_682,0.0740674275366182,0.2051015832505202,True,0.0316780056572794,True,0.6469489940244981,False,False,False,19310,3,NFE2_288;NFE2_533;NFE2_682,True,not_applicable,2.466575845798554,0.069828225438126,3.0,66.0,0.3716404301169265,0.11494111911168392,0.0019119537924220415,0.29802977877950304,0.10321604393171159,0.005246171592346415,-0.07528437093734375,0.15279607761029806,0.6238517366509798,0.05486960039621025,0.14105434233875058,0.6985311712142965,0.07361065133742344,0.15448304951534111,0.6352943929503618,0.44692480105427024,0.1912017316755749,0.022458211019191442,0.31677082972071624,0.1819554570637104,0.08635668981898523,0.3733141497168468,0.1843914126471329,0.046960657636358205,0.2431601783832928,0.1747852374130334,0.1688386734458162,-0.130153971333554,0.2079494381471363,0.5335440810079106,3.0,1.0,1.0,3.0,1.0,1.0,1.0,0.0,1.0,3.0,1.0,1.0,0.04375000148542201,0.08592676839674761,0.8737293449405262,0.9130076818338847,0.3795515896699191,0.04958333501681161,True,False,False,0.0971790833058455,False,False,False,0.8138693549740822,False,True,False,0.9218177161962208,False,False,False,0.9360959708736208,0.35658139128430494,0.5928132765809163,0.49138038692522484,0.7105368867397598,0.9039237393033234,True,1000,localized_support_no_detected_heterogeneity
NFE2,RHCE,RHCE,ENSG00000188672,0.211384766030027,0.211384766030027,1.3770246200524424e-14,1.0,1.0,0.99,1.0,1.0,1.7208873394598236e-11,True,8.146069526672363,182.0,0.0249657064471879,False,True,True,3,NFE2_288;NFE2_533;NFE2_682,0.1612609426002562,0.0009284131789759,True,0.1468907546815593,True,0.0269728460418287,False,False,False,566,3,NFE2_288;NFE2_533;NFE2_682,True,not_applicable,1.276790932495062,0.28960860723092535,3.0,66.0,0.28664377266029895,0.0938306477315754,0.003246002126948881,0.36202161408020006,0.0842590391780757,5.8303588865661244e-05,0.10308575437079132,0.12473303760934899,0.41152605525618285,0.1635832903246225,0.11514782881256086,0.16012951267712813,-0.07537784141990114,0.1261101745972128,0.5520760724928897,0.18355801828950763,0.15608498045930705,0.243814124513827,0.12306048233567646,0.14853690764915575,0.41038238170135005,0.2589358597094088,0.15052546746138265,0.09007970793499483,0.1984383237555776,0.14268359458416832,0.16897038482792054,-0.06049753595383117,0.1697567469984686,0.7226944122981497,3.0,1.0,1.0,3.0,1.0,1.0,3.0,1.0,1.0,3.0,1.0,1.0,0.05942093305332304,0.0041751094484948036,0.7402711467960932,0.5074572743902472,0.6871875840975029,0.06012832511348165,False,False,False,0.0037800160114570373,True,False,False,0.7321337443453685,False,False,False,0.46141022541779886,False,False,False,0.9134668155852391,0.7692123343897925,0.8677736002527122,0.6021707394701172,0.7105368867397598,0.952035431931496,True,0100,localized_support_no_detected_heterogeneity
NFE2,AC079804.3,AC079804.3,ENSG00000287860,0.1962997010649382,0.1962997010649382,9.490097757574685e-13,1.0,1.0,0.92,1.0,1.0,8.471364814618706e-10,True,8.41376781463623,147.0,0.0201646090534979,False,True,True,3,NFE2_288;NFE2_533;NFE2_682,-0.2910098165151125,0.0111591832751754,True,0.2369973227841798,True,0.1310610461254651,False,True,False,13141,3,NFE2_288;NFE2_533;NFE2_682,True,not_applicable,0.4484628445485111,0.7192156652456649,3.0,66.0,-0.40144254278152824,0.1156448490712945,0.0009181887992207381,-0.22265311493684656,0.10384798681680435,0.03571849530876139,-0.3179548698938933,0.15373157552746092,0.042539216981364744,-0.32433041854254924,0.14191795117955622,0.025513037816771663,-0.1787894278446817,0.15542887596140448,0.25417226142545163,-0.0834876728876349,0.19237236919806833,0.665711160993048,-0.077112124238979,0.18306948403195275,0.6749646678854064,0.09530175495704679,0.18552035381612064,0.6091775076313292,0.10167730360570269,0.17585536452694886,0.5651054886226968,0.0063755486486559015,0.2092226139334807,0.9757821389318804,3.0,1.0,1.0,3.0,1.0,1.0,3.0,1.0,1.0,3.0,1.0,1.0,0.02855142466587439,0.24701323866858985,0.2746932657426701,0.20391584218147396,0.9325829792685456,0.030343169020585713,True,True,False,0.22896650957805048,False,True,False,0.40022527029575244,False,True,False,0.15293688163610547,False,True,False,0.7742905449795618,0.9464019800529185,0.9464019800529185,0.9286873303798316,0.9139489675463464,0.9966822363080413,True,1000,localized_support_no_detected_heterogeneity
NFE2,SGMS1,SGMS1,ENSG00000198964,0.1748298017244999,0.1748298017244999,2.2386541583164232e-10,1.0,1.0,0.71,1.0,1.0,9.325593608072416e-08,True,4.099306106567383,3418.0,0.4688614540466392,False,False,False,3,NFE2_288;NFE2_533;NFE2_682,-0.2646660860911094,4.628176034584591e-05,True,0.2047602250283526,True,0.0036496473872724,True,True,True,18017,3,NFE2_288;NFE2_533;NFE2_682,True,not_applicable,3.4429946612592457,0.021613323136718366,3.0,66.0,-0.09729308533283326,0.04243800841148172,0.025066794154871938,-0.115307611730992,0.03810893242058735,0.0035332863214012113,-0.20449403272271277,0.05641463452749781,0.0005632414666310138,-0.28922020113286767,0.052079407377541596,5.385952381962617e-07,0.018014526398158735,0.05703749019872707,0.7531231612519761,0.10720094738987951,0.07059458581792333,0.13365344744592184,0.1919271158000344,0.067180720677356,0.0057161320033685984,0.08918642099172078,0.06808011250804483,0.19472984518820058,0.17391258940187568,0.06453336658685044,0.008920983614007371,0.0847261684101549,0.0767780936313678,0.27380869673031416,3.0,1.0,1.0,3.0,1.0,1.0,3.0,1.0,1.0,3.0,1.0,1.0,0.20326814247096722,0.06319302892069292,0.01905225482777951,7.618674460303483e-05,0.2521526612203854,0.19951066864183598,False,True,False,0.06872241895125356,False,True,False,0.03651682175324406,False,True,False,2.9930506808335113e-05,True,True,False,0.9590005047303853,0.6676164020502035,0.19601894180884605,0.7248981206286408,0.24408742209891915,0.7971200927714037,True,0001,localized_support_no_detected_heterogeneity
NFE2,LRRN2,LRRN2,ENSG00000170382,0.1681912229717123,0.1681912229717123,1.063656175947438e-09,1.0,1.0,0.63,0.98,1.0,3.4462460100697e-07,True,6.608342170715332,590.0,0.0809327846364883,False,False,True,3,NFE2_288;NFE2_533;NFE2_682,0.1263257595426887,0.3183511561046247,True,0.0888757323937456,True,0.7164056345758232,False,False,False,2809,3,NFE2_288;NFE2_533;NFE2_682,True,not_applicable,2.133123276826728,0.10437845343654839,3.0,66.0,0.47953618212703875,0.21053256991380387,0.02598851270305275,0.6076888952306824,0.1890562677066401,0.002024449702456869,-0.16958320742981714,0.27986982500829943,0.5466355603687508,0.13124002814944502,0.2583630072474206,0.6131696218295221,-0.1281527131036436,0.2829597769183378,0.6521055432085083,0.6491193895568559,0.3502157648431704,0.06828324898600598,0.3482961539775937,0.3332797721261245,0.29980944480068306,0.7772721026604995,0.33774160435063505,0.024535574191697315,0.47644886708123735,0.3201463975638262,0.14145508326843476,-0.30082323557926216,0.38089179889321173,0.43248080379346654,2.0,0.0,1.0,3.0,1.0,1.0,2.0,0.0,1.0,2.0,0.0,1.0,0.20631696819362283,0.04436681319750547,0.8282034390786527,0.866568511868062,0.46792395536274584,0.2021906288297504,False,False,False,0.05250072895038147,True,False,False,0.7824980456423705,False,True,False,0.8867025386307958,False,False,False,0.9428541767065278,0.5514827913989794,0.8093415953142039,0.3817735344228102,0.6713684577985934,0.8718536819562901,True,0100,localized_support_no_detected_heterogeneity
NFE2,ACSL6,ACSL6,ENSG00000164398,0.1575918467570387,0.1575918467570387,1.1289885949023367e-08,1.0,1.0,0.56,0.98,0.99,2.494038441466072e-06,True,9.10499668121338,81.0,0.0111111111111111,False,True,True,3,NFE2_288;NFE2_533;NFE2_682,0.1469322780388904,0.3003194203141133,True,0.0331944660172345,True,0.6994781435164158,False,False,False,10437,3,NFE2_288;NFE2_533;NFE2_682,True,not_applicable,2.0725384419398956,0.11227740829465331,3.0,66.0,0.3595917130104858,0.2319772843915787,0.12589591031275377,0.8838993978817966,0.2083134196183968,7.03211925465093e-05,0.46291100982348293,0.3083771884566486,0.13809388359389585,0.055085631696928594,0.28467969983474145,0.8471613834758268,-0.5243076848713107,0.31178188091484993,0.09736333096643235,-0.10331929681299713,0.38588852125208223,0.7897314321362259,0.3045060813135572,0.3672274390234067,0.40997852867639617,0.4209883880583136,0.37214375065764255,0.2620428435596707,0.828813766184868,0.3527563072307974,0.021798054917037707,0.40782537812655434,0.4196891967378072,0.33473185909996456,3.0,1.0,1.0,3.0,1.0,1.0,3.0,1.0,1.0,2.0,0.0,1.0,0.4472466585539837,0.004620020557269419,0.46978587725017085,0.9483331745959614,0.4699830837231472,0.4258566009709671,False,False,False,0.003907849128656017,True,False,False,0.5595679241460988,False,False,False,0.9526051020748979,False,False,False,0.6129801716089487,0.9637668374906166,0.8677736002527122,0.7841307445123874,0.35432728444040673,0.831486079961247,True,0100,localized_support_no_detected_heterogeneity
NFE2,ACKR1,ACKR1,ENSG00000213088,0.1543335717316595,0.1543335717316595,2.2627676233809444e-08,1.0,1.0,0.4,0.91,0.96,4.527164458584725e-06,True,7.05194902420044,409.0,0.0561042524005487,False,False,True,3,NFE2_288;NFE2_533;NFE2_682,0.1729484094405702,0.1637773085853087,True,0.3164871411217114,True,0.608156979748136,False,False,False,2262,3,NFE2_288;NFE2_533;NFE2_682,True,not_applicable,1.6590319741737174,0.18434298804673535,3.0,66.0,0.5639775661973724,0.13333474213783159,7.367700109524331e-05,0.2914429280337515,0.11973334441567053,0.01764245222732512,0.16364170169007008,0.1772474965033662,0.3592459631210341,0.1734450005345199,0.16362677263377126,0.2930067073346422,0.2725346381636209,0.179204428589038,0.1330859764503552,0.4003358645073023,0.22179907231021698,0.07564449937011689,0.3905325656628525,0.21107314889276166,0.06875813723097815,0.1278012263436814,0.21389892188057516,0.5522286532951038,0.1179979274992316,0.20275550421013344,0.5625685720067866,-0.009803298844449804,0.2412268553442064,0.9677061134144854,3.0,1.0,1.0,3.0,1.0,1.0,3.0,1.0,1.0,3.0,1.0,1.0,0.004620020557269419,0.17326339552308892,0.6943934392749428,0.6582697604960527,0.602600187816639,0.0071650883565124125,True,False,False,0.1655835728332584,False,False,False,0.6767297703801677,False,False,False,0.6217980575496498,False,False,False,0.6676164020502035,0.5587160174995343,0.5514827913989794,0.9134668155852391,0.9139489675463464,0.9966822363080413,True,1000,localized_support_no_detected_heterogeneity
NFE2,HMOX1,HMOX1,ENSG00000100292,-0.1533903101048274,0.1533903101048274,2.7598403508515263e-08,0.0,1.0,0.48,0.98,1.0,5.341390130364857e-06,True,7.409639358520508,308.0,0.0422496570644718,False,True,True,3,NFE2_288;NFE2_533;NFE2_682,2.038394742867001,2.179505319790305e-06,True,2.1722606549152674,True,0.0004010289788414,True,True,True,34925,3,NFE2_288;NFE2_533;NFE2_682,True,not_applicable,3.356331278660659,0.023969729671969208,3.0,66.0,0.48042941521354604,0.2568319075889315,0.06583548821350023,1.4510844621379428,0.23063263748986543,2.8799705246702503e-08,1.4263011955728002,0.34141748738872485,8.836513910127446e-05,1.453940154886559,0.31518099089815577,1.8782779406751874e-05,-0.9706550469243969,0.34518696706466356,0.006477555923988282,-0.9458717803592542,0.427233577157273,0.030292533445780468,-0.9735107396730129,0.40657310016688614,0.01949438413351723,0.024783266565142625,0.4120161576569077,0.9522169816497948,-0.002855692748616079,0.39055149532305594,0.9941880172741133,-0.027638959313758704,0.4646557410797519,0.9527474193267228,3.0,1.0,1.0,3.0,1.0,1.0,3.0,1.0,1.0,3.0,1.0,1.0,0.33477130607910577,1.00585341117858e-05,0.0048768535911608065,0.0016236669309392176,0.2590062456221117,0.3085542760849589,False,True,False,5.601542670483637e-06,True,True,False,0.008839297133978961,True,True,False,0.0006642273808387709,True,True,False,0.2008088379653929,0.3980976212051063,0.33647300528929,0.9945046854689495,0.9992598330027616,0.9945046854689495,True,0111,localized_support_no_detected_heterogeneity
NFE2,ANKH,ANKH,ENSG00000154122,0.1492173912901664,0.1492173912901664,6.54848974899023e-08,1.0,1.0,0.36,0.96,1.0,1.0647990394826492e-05,True,7.638438701629639,253.0,0.0347050754458161,False,True,True,3,NFE2_288;NFE2_533;NFE2_682,0.2136904606994598,0.0104185179459979,True,0.1691504059148473,True,0.1272427893563605,False,False,False,9548,3,NFE2_288;NFE2_533;NFE2_682,True,not_applicable,1.9750012579332272,0.1262547222845359,3.0,66.0,0.1839986842289747,0.05981871998678307,0.003052521170200395,0.17623382379750566,0.053716647948200934,0.0016556888558336114,0.012741002652091826,0.0795195475064771,0.8731933835430268,0.27240084999320713,0.07340880506899343,0.00042629034095171913,0.0077648604314690456,0.08039749702352755,0.9233519247531138,0.17125768157688287,0.0995069731048635,0.08992451518546393,-0.08840216576423243,0.0946949413776398,0.35394054696180655,0.16349282114541383,0.0959626839059112,0.09313936930928833,-0.09616702619570147,0.09096334936911916,0.2942717539190352,-0.2596598473411153,0.10822296936090944,0.019257821742109483,3.0,1.0,1.0,3.0,1.0,1.0,2.0,0.0,0.0,3.0,1.0,1.0,0.058021058695226634,0.04089288666154126,0.955477429530907,0.01617606237675309,0.5013990941728911,0.06012832511348165,False,False,False,0.0494828317144139,False,False,False,0.9306088388992806,False,False,False,0.007620568682428136,True,False,False,0.9935989627366414,0.6021707394701172,0.841848188552844,0.6129801716089487,0.8074233238695967,0.33647300528929,True,0001,localized_support_no_detected_heterogeneity
NFE2,NFIA,NFIA,ENSG00000162599,0.1483754542034812,0.1483754542034812,7.773470933831445e-08,1.0,1.0,0.32,0.95,0.99,1.2274787676743224e-05,True,4.1217451095581055,3364.0,0.4614540466392318,False,False,False,3,NFE2_288;NFE2_533;NFE2_682,-0.189652999625292,0.0017409175576385,True,0.1379767121989118,True,0.0355920922894983,False,True,False,1200,3,NFE2_288;NFE2_533;NFE2_682,True,not_applicable,14.634084233901149,2.0815016096667528e-07,3.0,66.0,-0.008176804522610718,0.02734622980283732,0.7658716929102435,-0.04001260694985315,0.024556657169430843,0.10799257534654441,-0.25593147496277757,0.036352496683483546,1.3735368133753804e-09,-0.1968725200025195,0.03355896036244055,1.5742548366749616e-07,0.031835802427242425,0.036753852801666216,0.38952421347864824,0.24775467044016686,0.0454897823643098,8.164827343055249e-07,0.1886957154799088,0.043289953858111754,4.67808787337563e-05,0.21591886801292443,0.04386950451577544,6.016223749658297e-06,0.15685991305266636,0.041584050210926,0.00034858196768993967,-0.059058954960258064,0.04947431490915804,0.2368568489604155,2.0,0.0,0.0,3.0,1.0,1.0,3.0,1.0,1.0,3.0,1.0,1.0,0.9260212140584342,0.42433446272531083,2.137223281612092e-06,3.4993436083803435e-05,8.097041261603668e-05,0.9310127766940146,False,True,True,0.4000867791410074,False,True,True,5.34305820403023e-07,True,True,False,1.4775786820312561e-05,False,True,False,0.8658566802468238,0.001629009834243262,0.010918657096458721,0.003510466557925616,0.03874239583753901,0.7666539976300941,True,0010,time_varying_support_candidate
NFE2,CD58,CD58,ENSG00000116815,0.1437980778346896,0.1437980778346896,1.942041833076345e-07,1.0,1.0,0.23,0.92,0.96,2.5740881751139183e-05,True,3.948260545730591,3746.0,0.5138545953360768,False,False,False,3,NFE2_288;NFE2_533;NFE2_682,-0.283991853995019,0.0002511318558269,True,0.2141720590647463,True,0.0086640490260288,True,True,True,1758,3,NFE2_288;NFE2_533;NFE2_682,True,not_applicable,8.60808176577164,6.667930595908885e-05,3.0,66.0,-0.0009176289163147631,0.04217421420018708,0.9827066004383942,-0.0737329226348078,0.03787204769985079,0.055804879700465874,-0.23375647309885253,0.05606396175613773,9.089251551649318e-05,-0.3011674078650716,0.05175568233227924,1.8992013907856765e-07,0.07281529371849303,0.0566829457631044,0.20342029051765975,0.23283884418253778,0.07015577061936484,0.0014739453422965912,0.3002497789487569,0.06676312602839284,2.854828399103769e-05,0.16002355046404476,0.0676569272489776,0.020967052667331527,0.22743448523026383,0.06413222786290504,0.0007242426895813839,0.0674109347662191,0.07630084181366202,0.3801791835201006,1.0,0.0,0.0,3.0,1.0,1.0,3.0,1.0,1.0,3.0,1.0,1.0,0.9975738608877699,0.31007670398522524,0.0048768535911608065,3.6939467050781405e-05,0.005187650003617113,0.9967813436991529,False,True,True,0.28563287109843716,False,True,False,0.008839297133978961,False,True,False,1.4775786820312561e-05,True,True,False,0.7347853794806735,0.09053127444526958,0.008762812648244123,0.3520654742845452,0.06260675694381297,0.860865567250037,True,0001,late_onset_support_detected
NFE2,PPIP5K2,PPIP5K2,ENSG00000145725,0.1411353145746861,0.1411353145746861,3.2655876059257253e-07,1.0,1.0,0.26,0.89,0.96,3.942709826404871e-05,True,6.466305732727051,650.0,0.0891632373113854,False,False,True,3,NFE2_288;NFE2_533;NFE2_682,0.3370637079167035,0.0002376764399217,True,0.4112448408841629,True,0.0086640490260288,True,False,False,10249,3,NFE2_288;NFE2_533;NFE2_682,True,not_applicable,8.86378916740558,5.115423447519615e-05,3.0,66.0,0.01346637599414515,0.04848709011534043,0.782086883389577,0.0367665317226242,0.04354095089854669,0.40148930679141265,-0.020486012778258803,0.06445593397400612,0.7516175122035629,0.35458805799603155,0.05950276681657828,1.0897176176073581e-07,-0.023300155728479047,0.06516757102273184,0.7218267901319702,0.03395238877240395,0.08065708482405362,0.6751611333812303,-0.3411216820018864,0.07675660992176006,3.452776706349933e-05,0.057252544500883004,0.0777842003854966,0.4643123096852984,-0.3178215262734074,0.0737319039763503,5.550406047033332e-05,-0.3750740707742904,0.0877219851764056,6.273047754293673e-05,2.0,0.0,0.0,2.0,0.0,1.0,2.0,0.0,0.0,3.0,1.0,1.0,0.9339425867645295,0.7306635805467112,0.9190257952098403,2.8260010216617486e-05,0.005187650003617113,0.9408574184641956,False,False,True,0.7319589532918933,False,False,True,0.8910918804618208,False,True,False,1.4130005108308743e-05,True,False,False,0.952035431931496,0.9464019800529185,0.00895420092513416,0.8845488353770878,0.011776952467068906,0.012201077882101194,True,0001,late_onset_support_detected
NFE2,CPLANE1,CPLANE1,ENSG00000197603,0.1359015500343776,0.1359015500343776,8.822928410688257e-07,1.0,1.0,0.14,0.84,0.97,8.731106078812317e-05,True,6.110319137573242,862.0,0.1182441700960219,False,False,False,3,NFE2_288;NFE2_533;NFE2_682,-0.5721990965259378,0.0001625542055712,True,0.4342828045116647,True,0.0074774934562784,True,True,True,9702,3,NFE2_288;NFE2_533;NFE2_682,True,not_applicable,8.672828186356673,6.23397183391661e-05,3.0,66.0,-0.18791868618461496,0.09100353855593778,0.04285897378961093,0.08898547960888567,0.08172032172754502,0.28015693218806537,-0.2637699317717323,0.12097484214064311,0.03280061953978621,-0.6081593832271787,0.11167843484309779,8.1886183140802e-07,-0.27690416579350063,0.12231048611200726,0.02686995606685032,0.07585124558711734,0.15138215370596225,0.6179973397139982,0.4202406970425637,0.14406150366668433,0.004824470013936765,0.35275541138061794,0.14599014834641064,0.018453165088790156,0.6971448628360644,0.13838455041028783,3.894641622730936e-06,0.3443894514554464,0.16464199111999817,0.04031253125033139,3.0,1.0,1.0,3.0,1.0,1.0,3.0,1.0,1.0,3.0,1.0,1.0,0.2746932657426701,0.6507924670827907,0.23738494885538303,0.00010617908413923993,0.005187650003617113,0.25254886050323766,False,True,False,0.6654613276995008,False,False,False,0.36455545717076676,False,True,False,3.981715655221497e-05,True,True,False,0.3856327269416894,0.9311851458311632,0.18459529528735097,0.33387354509485445,0.0030300311824846683,0.4676514024490498,True,0001,time_varying_support_candidate
NFE2,RIPOR3,RIPOR3,ENSG00000042062,0.1357763569227049,0.1357763569227049,9.031174018364944e-07,1.0,1.0,0.21,0.87,0.96,8.846517546341774e-05,True,8.849762916564941,95.0,0.0130315500685871,False,True,True,3,NFE2_288;NFE2_533;NFE2_682,0.3799353956059056,2.222652635685237e-05,True,0.3439740927793656,True,0.0024538085097965,True,False,False,33603,3,NFE2_288;NFE2_533;NFE2_682,True,not_applicable,6.64373378846711,0.0005458381128723282,3.0,66.0,0.04819854819568735,0.05163220704545264,0.3539657138252511,0.14211010795068663,0.04636523632170674,0.0031516280994811473,-0.02477310610438295,0.06863687056363463,0.7193044969566771,0.35197986278777477,0.06336241603162017,5.35289624643393e-07,-0.09391155975499928,0.06939466797638133,0.1805780450740071,0.0729716543000703,0.08588890967496107,0.39861609009132815,-0.3037813145920874,0.08173543032093615,0.00041815081755505756,0.16688321405506956,0.08282967547888163,0.04800533786482085,-0.20986975483708814,0.07851452671023261,0.009463042936750035,-0.3767529688921577,0.09341207505527992,0.00014522792993828954,2.0,0.0,1.0,3.0,1.0,1.0,2.0,0.0,0.0,3.0,1.0,1.0,0.6910547687730122,0.05838015860467458,0.9132076183433784,7.618674460303483e-05,0.023592336211926187,0.7061162188616548,False,False,False,0.06452543845779822,False,False,False,0.8799313696809442,False,True,False,2.9930506808335113e-05,True,False,False,0.7248068682532356,0.8677736002527122,0.04436200037152293,0.49214135067304243,0.24816564285814136,0.02421157060542627,True,0001,late_amplification_support_detected
NFE2,PRR5,PRR5,ENSG00000186654,0.1342859652715215,0.1342859652715215,1.1903183297801014e-06,1.0,1.0,0.19,0.87,0.95,0.0001084953257352,True,6.349333763122559,712.0,0.0976680384087791,False,False,True,3,NFE2_288;NFE2_533;NFE2_682,0.323804799611014,0.0067974343635082,True,0.3517008473374714,True,0.0970458925719205,False,False,False,35171,3,NFE2_288;NFE2_533;NFE2_682,True,not_applicable,1.318279240475526,0.27588773948713013,3.0,66.0,0.20740790458577865,0.06543109634692396,0.0023126987078096652,0.14911319808247514,0.05875650913475098,0.013523513457454055,0.08759893536982977,0.08698031612026658,0.3175589899057714,0.30439149998601334,0.08029624502568992,0.0003276932856125452,0.058294706503303526,0.08794063756229267,0.5097114389042312,0.11980896921594889,0.10884302348585302,0.27500389728319874,-0.0969835954002347,0.10357951213626217,0.3525218604559849,0.06151426271264536,0.10496619816914196,0.5598483248338884,-0.15527830190353822,0.09949781068409347,0.1233959814366513,-0.21679256461618357,0.11837678132812675,0.07155788350010121,3.0,1.0,1.0,3.0,1.0,1.0,3.0,1.0,1.0,3.0,1.0,1.0,0.049295331360984095,0.1474882639009751,0.6639823665968709,0.013074121856746675,0.6749706330848656,0.05618908083774515,False,False,False,0.1454563052601602,False,False,False,0.6464812635344368,False,False,False,0.006373634405164004,True,False,False,0.897112573930484,0.7971200927714037,0.8412945013336081,0.9139489675463464,0.6501269089687226,0.5530334440040935,True,0001,localized_support_no_detected_heterogeneity
NFE2,CA8,CA8,ENSG00000178538,0.1342370387221671,0.1342370387221671,1.2010971663080035e-06,1.0,1.0,0.17,0.81,0.95,0.0001085454339965,True,4.256319999694824,3123.0,0.4283950617283951,False,False,False,3,NFE2_288;NFE2_533;NFE2_682,0.3664893783722325,0.0020832565315396,True,0.2709740672390128,True,0.0396537105313758,True,False,False,15377,3,NFE2_288;NFE2_533;NFE2_682,True,not_applicable,2.601906509974901,0.059315818985019454,3.0,66.0,0.09909578291921133,0.08425128341968034,0.24374277765744568,0.11499785253567661,0.07565686012069497,0.13328933985851116,0.18603675178038737,0.1119987845920678,0.10144495776014707,0.43637288234179866,0.10339214952667591,7.608873601906839e-05,-0.015902069616465286,0.11323532682509338,0.8887449548463854,-0.08694096886117604,0.14014994294670158,0.5371684973013273,-0.3372770994225873,0.13337246845436213,0.013842288872484872,-0.07103889924471075,0.1351580120948174,0.6009284431876222,-0.32137502980612204,0.1281167321900965,0.014591119022164974,-0.2503361305614113,0.15242593064779664,0.10527494606697402,3.0,1.0,1.0,3.0,1.0,1.0,3.0,1.0,1.0,3.0,1.0,1.0,0.6222679456528548,0.4639781047423789,0.4161027584490067,0.004620020557269419,0.37435557629386135,0.623789082294384,False,False,False,0.4357105311341247,False,False,False,0.5287657054919914,False,False,False,0.002145009544446516,True,False,False,0.9872453793370599,0.9052355759576158,0.3167441394939185,0.9270004077226002,0.3196527165862545,0.6150167133568616,True,0001,localized_support_no_detected_heterogeneity
NFE2,DCAF11,DCAF11,ENSG00000100897,0.1267869571428407,0.1267869571428407,4.567756763671114e-06,1.0,1.0,0.08,0.84,0.96,0.0003073748936045,True,8.83633041381836,97.0,0.0133058984910836,False,True,True,3,NFE2_288;NFE2_533;NFE2_682,0.4385959359279326,3.1995915644691943e-08,True,0.4344509658784474,True,1.766174543586995e-05,True,False,False,23983,3,NFE2_288;NFE2_533;NFE2_682,True,not_applicable,5.489521022329852,0.0019855555613747596,3.0,66.0,0.027865176774077894,0.05998655888008135,0.6438013731184091,0.10011065596257586,0.05386736569584434,0.0675629936753768,0.11039024821189325,0.07974266282643074,0.17092001978375432,0.3980912422775476,0.07361477491595524,9.480723818196721e-07,-0.07224547918849797,0.08062307568731979,0.3734618216987302,-0.08252507143781536,0.0997861689861039,0.41120631965262305,-0.3702260655034697,0.09496063569816823,0.00022887184070705065,-0.01027959224931739,0.09623193524843843,0.9152550205698978,-0.2979805863149717,0.09121857361818687,0.0017283872345153163,-0.28770099406565436,0.10852662051578206,0.010038045163287835,2.0,0.0,1.0,3.0,1.0,1.0,3.0,1.0,1.0,3.0,1.0,1.0,0.8880806175285856,0.3380205559281242,0.5277755486849222,0.00011347697123933921,0.05941393179806011,0.9068740443015494,False,False,False,0.3205122504844094,False,False,False,0.5747839086363585,False,False,False,4.097779516976138e-05,True,False,False,0.852896175973421,0.8677736002527122,0.03142275742413272,0.9931219051651052,0.103437328342532,0.2559131346879779,True,0001,late_amplification_support_detected
NFE2,WRN,WRN,ENSG00000165392,0.1209234471591345,0.1209234471591345,1.241730672427486e-05,1.0,1.0,0.05,0.71,0.87,0.0006664208541347,True,4.954782962799072,1972.0,0.2705075445816186,False,False,False,3,NFE2_288;NFE2_533;NFE2_682,0.322785471828911,0.001571582013252,True,0.2506386036646472,True,0.0347005308526058,True,False,False,15124,3,NFE2_288;NFE2_533;NFE2_682,True,not_applicable,11.288462589417211,4.549700066025598e-06,3.0,66.0,0.013315953948677609,0.04054036897910031,0.7436025520979843,0.03521908150228196,0.036404870057762155,0.3368620282395101,-0.07767512902881357,0.053892022391585186,0.1542250048536298,0.31159228055782834,0.04975064736372482,3.232176771139396e-08,-0.02190312755360435,0.054487026720900694,0.6889917566518804,0.09099108297749119,0.06743790917886407,0.18186499419359128,-0.2982763266091507,0.06417669693955354,1.655287427873956e-05,0.11289421053109554,0.0650358719583098,0.08725235018811303,-0.27637319905554636,0.06164772077726999,3.0035347551822187e-05,-0.3892674095866419,0.07334491796003877,1.3958953164038234e-06,1.0,0.0,1.0,2.0,0.0,1.0,3.0,1.0,1.0,3.0,1.0,1.0,0.9180846894128101,0.6750689121553101,0.4974690928375951,1.00585341117858e-05,0.0008849166628419788,0.9212146266436811,False,False,True,0.6654613276995008,False,False,True,0.5691734726842166,False,True,False,6.286583819866125e-06,True,False,False,0.9465019187907527,0.7248981206286408,0.006439068094429689,0.5937229893266933,0.008762812648244123,0.001629009834243262,True,0001,late_onset_support_detected
NFE2,PHKB,PHKB,ENSG00000102893,0.1187340081822055,0.1187340081822055,1.783243395927012e-05,1.0,1.0,0.13,0.77,0.96,0.0008863530242937,True,5.513120174407959,1323.0,0.1814814814814815,False,False,False,3,NFE2_288;NFE2_533;NFE2_682,-0.2726095666228965,0.0002203417021118,True,0.2640893402642857,True,0.0086640490260288,True,True,True,27314,3,NFE2_288;NFE2_533;NFE2_682,True,not_applicable,5.046939841481498,0.0032937304462427926,3.0,66.0,-0.12424359953501765,0.03585451969250072,0.0009360360623316929,-0.08315975199550324,0.03219702146918966,0.012023043990510098,-0.20008214889080686,0.04766292529562129,8.235323692162285e-05,-0.28365499676568356,0.04400023015421794,1.541414173327123e-08,-0.04108384753951441,0.04818915618546751,0.39699007347622534,0.07583854935578921,0.05964311385328484,0.20799960977355933,0.1594113972306659,0.05675884808559871,0.006538762504442956,0.11692239689530362,0.057518715556099095,0.04610185196381243,0.20049524477018033,0.054522183055263,0.00047530032398493107,0.0835728478748767,0.06486736237400226,0.2021172330817249,3.0,1.0,1.0,3.0,1.0,1.0,3.0,1.0,1.0,3.0,1.0,1.0,0.02855142466587439,0.1375577680090714,0.004745986542594265,1.00585341117858e-05,0.0815678626948011,0.030343169020585713,False,True,False,0.14326422655454193,False,True,False,0.008839297133978961,False,True,False,5.996101134242509e-06,True,True,False,0.8677736002527122,0.739813408426291,0.2008088379653929,0.4905449929350352,0.0482326502687317,0.7347853794806735,True,0001,localized_support_no_detected_heterogeneity
