TF,target,target_symbol,target_gene_id,signed_association,absolute_association,p_value,positive_sign_frequency,bootstrap_sign_consistency,bootstrap_top1_frequency,bootstrap_top5_frequency,bootstrap_top10_frequency,fdr_global,stable_edge
NFE2,TFRC,TFRC,ENSG00000072274,0.29163698799935395,0.29163698799935395,6.959067978033186e-27,1.0,1.0,1.0,1.0,1.0,3.0438963335917153e-22,True
NFE2,JAZF1,JAZF1,ENSG00000153814,0.28467812829975053,0.28467812829975053,1.2152597887526596e-25,1.0,1.0,1.0,1.0,1.0,2.6577731580020666e-21,True
BCL11A,NBAS,NBAS,ENSG00000151779,0.27942874519683414,0.27942874519683414,9.96983652659942e-25,1.0,1.0,1.0,1.0,1.0,1.2887612525069113e-20,True
NFE2,SPTA1,SPTA1,ENSG00000163554,0.27850470557931406,0.27850470557931406,1.4373185325533702e-24,1.0,1.0,1.0,1.0,1.0,1.2887612525069113e-20,True
BCL11A,SLC25A21,SLC25A21,ENSG00000183032,0.27844227999734994,0.27844227999734994,1.4732067358332319e-24,1.0,1.0,1.0,1.0,1.0,1.2887612525069113e-20,True
NFE2,SLC4A1,SLC4A1,ENSG00000004939,0.269440433186355,0.269440433186355,4.830859153034258e-23,1.0,1.0,1.0,1.0,1.0,3.521696322561974e-19,True
BCL11A,JAZF1,JAZF1,ENSG00000153814,0.2654205053550973,0.2654205053550973,2.201006108410968e-22,1.0,1.0,1.0,1.0,1.0,1.3753143883127962e-18,True
NFE2,GYPA,GYPA,ENSG00000170180,0.26277319584881376,0.26277319584881376,5.891499950200916e-22,1.0,1.0,1.0,1.0,1.0,3.221177597772351e-18,True
BCL11A,CD36,CD36,ENSG00000135218,0.2605329241670866,0.2605329241670866,1.343728493172254e-21,1.0,1.0,1.0,1.0,1.0,6.5305204768171545e-18,True
NFE2,SLC25A37,SLC25A37,ENSG00000147454,0.2580003527172455,0.2580003527172455,3.38042421834979e-21,1.0,1.0,1.0,1.0,1.0,1.478597553106198e-17,True
BCL11A,NFIA,NFIA,ENSG00000162599,0.2562380457922823,0.2562380457922823,6.385361984965539e-21,1.0,1.0,1.0,1.0,1.0,2.5390521202035698e-17,True
NFE2,SOX6,SOX6,ENSG00000110693,0.2552008069603036,0.2552008069603036,9.263325388043362e-21,1.0,1.0,1.0,1.0,1.0,3.3764821039418056e-17,True
NFE2,ALAS2,ALAS2,ENSG00000158578,0.24834991013367289,0.24834991013367289,1.036764184623175e-19,1.0,1.0,1.0,1.0,1.0,3.4883127258013595e-16,True
BCL11A,SOX6,SOX6,ENSG00000110693,0.24773836374140837,0.24773836374140837,1.281655441366336e-19,1.0,1.0,1.0,1.0,1.0,4.004257786097396e-16,True
NFE2,SNCA,SNCA,ENSG00000145335,0.2469669256346492,0.2469669256346492,1.673330977449917e-19,1.0,1.0,1.0,1.0,1.0,4.707425650016559e-16,True
NFE2,GYPC,GYPC,ENSG00000136732,0.24688388274513692,0.24688388274513692,1.7219664014692488e-19,1.0,1.0,1.0,1.0,1.0,4.707425650016559e-16,True
NFE2,FECH,FECH,ENSG00000066926,0.24631383011390717,0.24631383011390717,2.0956282602107546e-19,1.0,1.0,1.0,1.0,1.0,5.391928241271671e-16,True
NFE2,RHAG,RHAG,ENSG00000112077,0.24198904680453442,0.24198904680453442,9.147302401894173e-19,1.0,1.0,1.0,1.0,1.0,2.222794483660284e-15,True
NFE2,TSPAN5,TSPAN5,ENSG00000168785,0.23983149702714757,0.23983149702714757,1.887574991221081e-18,1.0,1.0,1.0,1.0,1.0,4.304269644552189e-15,True
BCL11A,AC107223.1,AC107223.1,ENSG00000251600,0.239599270305971,0.239599270305971,2.0397779613321393e-18,1.0,1.0,0.99,1.0,1.0,4.304269644552189e-15,True
KLF1,SLC25A37,SLC25A37,ENSG00000147454,0.2395602383929372,0.2395602383929372,2.066521777219844e-18,1.0,1.0,1.0,1.0,1.0,4.304269644552189e-15,True
NFE2,OSBP2,OSBP2,ENSG00000184792,0.23888284570531146,0.23888284570531146,2.589745026500401e-18,1.0,1.0,1.0,1.0,1.0,5.148883975414888e-15,True
NFE2,PIP5K1B,PIP5K1B,ENSG00000107242,0.2325057448450646,0.2325057448450646,2.0948200965698034e-17,1.0,1.0,1.0,1.0,1.0,3.9838013488679655e-14,True
BCL11A,STRN3,STRN3,ENSG00000196792,0.23154036226591057,0.23154036226591057,2.859260107353164e-17,1.0,1.0,0.97,1.0,1.0,5.211001545651142e-14,True
BCL11A,TFRC,TFRC,ENSG00000072274,0.2272465920094975,0.2272465920094975,1.121474567251484e-16,1.0,1.0,0.97,1.0,1.0,1.9621319028631963e-13,True
BCL11A,H1F0,H1F0,ENSG00000189060,0.2232901027636249,0.2232901027636249,3.855466587247091e-16,1.0,1.0,0.97,1.0,1.0,6.486081097161067e-13,True
BCL11A,MFHAS1,MFHAS1,ENSG00000147324,0.22228522661368597,0.22228522661368597,5.256163183459216e-16,1.0,1.0,0.94,1.0,1.0,8.51498435720393e-13,True
KLF1,SLC4A1,SLC4A1,ENSG00000004939,0.221813219502299,0.221813219502299,6.076641894838374e-16,1.0,1.0,1.0,1.0,1.0,9.492582731436802e-13,True
BCL11A,MBOAT2,MBOAT2,ENSG00000143797,0.21917503140548633,0.21917503140548633,1.358670890678543e-15,1.0,1.0,0.88,1.0,1.0,2.0492505089061885e-12,True
NFE2,AC107223.1,AC107223.1,ENSG00000251600,0.21706859044223595,0.21706859044223595,2.5639860985826623e-15,1.0,1.0,0.99,1.0,1.0,3.738291731733522e-12,True
BCL11A,NIBAN1,NIBAN1,ENSG00000135842,0.21605185214017478,0.21605185214017478,3.4755305271939257e-15,1.0,1.0,0.87,0.99,1.0,4.903861459982655e-12,True
BCL11A,PIP5K1B,PIP5K1B,ENSG00000107242,0.21325857918984453,0.21325857918984453,7.953328250530762e-15,1.0,1.0,0.88,1.0,1.0,1.0871205552444235e-11,True
BCL11A,ABCB10,ABCB10,ENSG00000135776,0.2125867753123397,0.2125867753123397,9.688916136130068e-15,1.0,1.0,0.87,1.0,1.0,1.284221793316149e-11,True
KLF1,ANK1,ANK1,ENSG00000029534,0.21192037718917855,0.21192037718917855,1.177680891335551e-14,1.0,1.0,1.0,1.0,1.0,1.5150518290299116e-11,True
NFE2,RHCE,RHCE,ENSG00000188672,0.211384766030027,0.211384766030027,1.3770246200524423e-14,1.0,1.0,0.99,1.0,1.0,1.7208873394598236e-11,True
BCL11A,SPTA1,SPTA1,ENSG00000163554,0.21121865101943646,0.21121865101943646,1.4453318618958195e-14,1.0,1.0,0.95,1.0,1.0,1.756078212203421e-11,True
BCL11A,KLF13,KLF13,ENSG00000169926,0.21094525553675744,0.21094525553675744,1.565071522519044e-14,1.0,1.0,0.8,1.0,1.0,1.85016833499954e-11,True
BCL11A,PRDX2,PRDX2,ENSG00000167815,0.20904381760850285,0.20904381760850285,2.7141159493691828e-14,1.0,1.0,0.83,1.0,1.0,3.124090305931791e-11,True
NFE2,GYPB,GYPB,ENSG00000250361,0.20853471206904006,0.20853471206904006,3.1423613543133144e-14,1.0,1.0,0.97,1.0,1.0,3.524279118914471e-11,True
BCL11A,ARL15,ARL15,ENSG00000185305,0.2067344877777279,0.2067344877777279,5.2593416154471136e-14,1.0,1.0,0.81,0.99,1.0,5.6163873624590086e-11,True
BCL11A,AMMECR1,AMMECR1,ENSG00000101935,0.20673100494712768,0.20673100494712768,5.264560627819373e-14,1.0,1.0,0.91,0.99,1.0,5.6163873624590086e-11,True
BCL11A,DIAPH3,DIAPH3,ENSG00000139734,0.20661338044943903,0.20661338044943903,5.4438384657783304e-14,1.0,1.0,0.79,1.0,1.0,5.669368916503432e-11,True
BCL11A,NAP1L1,NAP1L1,ENSG00000187109,0.2064481459323133,0.2064481459323133,5.705846348326502e-14,1.0,1.0,0.87,1.0,1.0,5.8040399831581664e-11,True
BCL11A,STAG1,STAG1,ENSG00000118007,0.2057478034480666,0.2057478034480666,6.960757766930783e-14,1.0,1.0,0.82,1.0,1.0,6.891451676584964e-11,True
NFE2,HEMGN,HEMGN,ENSG00000136929,0.20568287992975798,0.20568287992975798,7.089970860684119e-14,1.0,1.0,0.96,1.0,1.0,6.891451676584964e-11,True
BCL11A,TCF12,TCF12,ENSG00000140262,0.20016838582331778,0.20016838582331778,3.3070863729338234e-13,1.0,1.0,0.71,1.0,1.0,3.131729399682577e-10,True
BCL11A,GYPA,GYPA,ENSG00000170180,0.200105156910259,0.200105156910259,3.365141330248768e-13,1.0,1.0,0.79,1.0,1.0,3.131729399682577e-10,True
GFI1B,MCM4,MCM4,ENSG00000104738,0.19687968266724365,0.19687968266724365,8.113906445875012e-13,1.0,1.0,0.92,1.0,1.0,7.393797248803605e-10,True
NFE2,AC079804.3,AC079804.3,ENSG00000287860,0.19629970106493827,0.19629970106493827,9.490097757574685e-13,1.0,1.0,0.92,1.0,1.0,8.471364814618708e-10,True
NFE2,HMBS,HMBS,ENSG00000256269,0.19602274412476492,0.19602274412476492,1.0225582445792217e-12,1.0,1.0,0.89,1.0,1.0,8.945339523579031e-10,True
BCL11A,HBB,HBB,ENSG00000244734,-0.1946597675536088,0.1946597675536088,1.4741000329675175e-12,0.0,1.0,0.78,1.0,1.0,1.264257557686259e-09,True
KLF1,CAT,CAT,ENSG00000121691,0.1941629594337614,0.1941629594337614,1.6832047680089008e-12,1.0,1.0,0.98,1.0,1.0,1.3968973939010482e-09,True
BCL11A,UROS,UROS,ENSG00000188690,0.1941420211255675,0.1941420211255675,1.6926283007945943e-12,1.0,1.0,0.7,0.99,1.0,1.3968973939010482e-09,True
BCL11A,LPIN2,LPIN2,ENSG00000101577,-0.1929696406345521,0.1929696406345521,2.311471601814802e-12,0.0,1.0,0.56,0.98,1.0,1.8397589823835682e-09,True
BCL11A,VRK1,VRK1,ENSG00000100749,0.19296654428388638,0.19296654428388638,2.3133686335412952e-12,1.0,1.0,0.64,0.98,1.0,1.8397589823835682e-09,True
NFE2,KLF13,KLF13,ENSG00000169926,0.1928860450029365,0.1928860450029365,2.3632266823015813e-12,1.0,1.0,0.9,1.0,1.0,1.8458488407834139e-09,True
BCL11A,TSC22D2,TSC22D2,ENSG00000196428,0.19200825284720838,0.19200825284720838,2.9800593427893133e-12,1.0,1.0,0.65,1.0,1.0,2.286803432519378e-09,True
GFI1B,SLC22A4,SLC22A4,ENSG00000197208,0.19113469387443377,0.19113469387443377,3.749601668936997e-12,1.0,1.0,0.92,0.99,1.0,2.8277168448155906e-09,True
BCL11A,PBRM1,PBRM1,ENSG00000163939,0.18986834821141998,0.18986834821141998,5.221121391221834e-12,1.0,1.0,0.57,1.0,1.0,3.870709316136322e-09,True
BCL11A,SSX2IP,SSX2IP,ENSG00000117155,0.18979665819435357,0.18979665819435357,5.319535665615904e-12,1.0,1.0,0.62,0.98,0.99,3.877941500233994e-09,True
KLF1,SNCA,SNCA,ENSG00000145335,0.1895869826881807,0.1895869826881807,5.617913696264413e-12,1.0,1.0,0.99,1.0,1.0,4.028320411059105e-09,True
NFE2,HBD,HBD,ENSG00000223609,0.18791562475259033,0.18791562475259033,8.660299704746542e-12,1.0,1.0,0.88,1.0,1.0,6.109701759445383e-09,True
BCL11A,CTNNA1,CTNNA1,ENSG00000044115,0.18760784627283875,0.18760784627283875,9.374702290858342e-12,1.0,1.0,0.59,0.96,0.99,6.508721876224506e-09,True
NFE2,CLK3,CLK3,ENSG00000179335,0.18706515454933667,0.18706515454933667,1.0777417957822401e-11,1.0,1.0,0.87,1.0,1.0,7.365691585549247e-09,True
BCL11A,DENND1A,DENND1A,ENSG00000119522,0.18686558721041605,0.18686558721041605,1.13432694942538e-11,1.0,1.0,0.53,0.96,1.0,7.633147810440942e-09,True
BCL11A,TNXB,TNXB,ENSG00000168477,0.1867327572729188,0.1867327572729188,1.1735900588749248e-11,1.0,1.0,0.52,0.93,0.99,7.777701390180184e-09,True
NFE2,ANK1,ANK1,ENSG00000029534,0.1861184248692082,0.1861184248692082,1.3731681935709027e-11,1.0,1.0,0.86,0.99,1.0,8.964533848774819e-09,True
KLF1,BLVRB,BLVRB,ENSG00000090013,0.1856816351224133,0.1856816351224133,1.5348928064115114e-11,1.0,1.0,0.99,1.0,1.0,9.872972257711693e-09,True
BCL11A,ZFAND3,ZFAND3,ENSG00000156639,0.18553322196124764,0.18553322196124764,1.5939742435819388e-11,1.0,1.0,0.64,0.98,0.99,9.970754533808415e-09,True
GFI1B,RPL3,RPL3,ENSG00000100316,0.18552900402570022,0.18552900402570022,1.5956854535130066e-11,1.0,1.0,0.95,0.99,1.0,9.970754533808415e-09,True
BCL11A,DAAM1,DAAM1,ENSG00000100592,0.18538082742917877,0.18538082742917877,1.656954252867591e-11,1.0,1.0,0.58,0.98,0.99,1.0207771693018089e-08,True
BCL11A,DDIT4,DDIT4,ENSG00000168209,0.1844312501446997,0.1844312501446997,2.107915483555854e-11,1.0,1.0,0.61,0.96,0.99,1.2805586562601814e-08,True
BCL11A,MKI67,MKI67,ENSG00000148773,0.1841797355620448,0.1841797355620448,2.2462123746408646e-11,1.0,1.0,0.56,0.98,1.0,1.3458812228327592e-08,True
BCL11A,KAT2B,KAT2B,ENSG00000114166,0.18366010492477983,0.18366010492477983,2.560618788221999e-11,1.0,1.0,0.5,0.93,1.0,1.513533321578787e-08,True
NFE2,PICALM,PICALM,ENSG00000073921,0.18345203572774713,0.18345203572774713,2.6982362171134596e-11,1.0,1.0,0.72,1.0,1.0,1.5736113618205695e-08,True
BCL11A,H1FX,H1FX,ENSG00000184897,0.18337180468900194,0.18337180468900194,2.7532108389702516e-11,1.0,1.0,0.55,0.97,1.0,1.5845452907441946e-08,True
NFE2,CDC27,CDC27,ENSG00000004897,0.18288794327791727,0.18288794327791727,3.1087315235084866e-11,1.0,1.0,0.83,0.99,1.0,1.765920997899496e-08,True
BCL11A,KEL,KEL,ENSG00000197993,0.18281200410346016,0.18281200410346016,3.168458563109887e-11,1.0,1.0,0.42,0.96,1.0,1.7767740711593134e-08,True
BCL11A,ANKH,ANKH,ENSG00000154122,0.18260151169990604,0.18260151169990604,3.3399384760640087e-11,1.0,1.0,0.57,0.94,0.97,1.8492266954815157e-08,True
BCL11A,HNRNPA3,HNRNPA3,ENSG00000170144,0.18186212260184634,0.18186212260184634,4.0172625680688495e-11,1.0,1.0,0.48,0.91,0.98,2.1964383090916434e-08,True
NFE2,ABCC4,ABCC4,ENSG00000125257,0.1815102907221521,0.1815102907221521,4.385019125687403e-11,1.0,1.0,0.8,0.99,1.0,2.3679103278711972e-08,True
KLF1,PRDX2,PRDX2,ENSG00000167815,0.18145966823430473,0.18145966823430473,4.440570295143945e-11,1.0,1.0,0.95,1.0,1.0,2.368665179385319e-08,True
NFE2,TANGO2,TANGO2,ENSG00000183597,0.18136550267161378,0.18136550267161378,4.545739268190301e-11,1.0,1.0,0.77,1.0,1.0,2.395549826393298e-08,True
BCL11A,TMCC2,TMCC2,ENSG00000133069,-0.18107808750088816,0.18107808750088816,4.882017720006045e-11,0.0,1.0,0.41,0.96,1.0,2.5417645430522252e-08,True
NFE2,CAT,CAT,ENSG00000121691,0.18103097209187166,0.18103097209187166,4.9394144069373374e-11,1.0,1.0,0.82,0.98,0.99,2.5417645430522252e-08,True
BCL11A,WRN,WRN,ENSG00000165392,0.18062316583394805,0.18062316583394805,5.464558041711366e-11,1.0,1.0,0.46,0.9,0.98,2.779299636563432e-08,True
BCL11A,MYH10,MYH10,ENSG00000133026,0.18023112854022494,0.18023112854022494,6.020634791244805e-11,1.0,1.0,0.53,0.95,0.99,3.026926043322388e-08,True
BCL11A,ALAD,ALAD,ENSG00000148218,0.17938454609853816,0.17938454609853816,7.416650325574908e-11,1.0,1.0,0.46,0.93,0.98,3.686412332280074e-08,True
BCL11A,FAR1,FAR1,ENSG00000197601,0.17919123426152325,0.17919123426152325,7.777260815879111e-11,1.0,1.0,0.47,0.93,0.98,3.822217843669127e-08,True
BCL11A,CCDC14,CCDC14,ENSG00000175455,0.17907438671205111,0.17907438671205111,8.003477447218676e-11,1.0,1.0,0.38,0.94,0.98,3.8896900393482765e-08,True
NFE2,PRDX2,PRDX2,ENSG00000167815,0.1785827088299398,0.1785827088299398,9.027847229762099e-11,1.0,1.0,0.74,1.0,1.0,4.338487133775431e-08,True
BCL11A,RFESD,RFESD,ENSG00000175449,0.17853880731609473,0.17853880731609473,9.12530444232601e-11,1.0,1.0,0.37,0.95,0.99,4.338487133775431e-08,True
BCL11A,ATP2B1,ATP2B1,ENSG00000070961,0.1782405388770712,0.1782405388770712,9.815174235656583e-11,1.0,1.0,0.44,0.91,1.0,4.616298075995902e-08,True
BCL11A,CDC27,CDC27,ENSG00000004897,0.17770936574549995,0.17770936574549995,1.1171959579140185e-10,1.0,1.0,0.35,0.98,1.0,5.1985267233148056e-08,True
GFI1B,HELLS,HELLS,ENSG00000119969,0.17732062187399908,0.17732062187399908,1.2279314939948483e-10,1.0,1.0,0.74,0.97,1.0,5.653655110245754e-08,True
BCL11A,HMGN2,HMGN2,ENSG00000198830,0.17717603292230177,0.17717603292230177,1.2717942965212386e-10,1.0,1.0,0.4,0.93,0.98,5.794612763524893e-08,True
BCL11A,TET3,TET3,ENSG00000187605,0.17697871263865536,0.17697871263865536,1.3341299293679394e-10,1.0,1.0,0.45,0.97,1.0,6.015963207273574e-08,True
BCL11A,XPO1,XPO1,ENSG00000082898,0.17675828832247042,0.17675828832247042,1.4072935375892244e-10,1.0,1.0,0.35,0.97,0.99,6.281124421852315e-08,True
BCL11A,GYPE,GYPE,ENSG00000197465,0.1764582699232014,0.1764582699232014,1.5132003715544773e-10,1.0,1.0,0.31,0.89,0.98,6.685594368867963e-08,True
NFE2,CD36,CD36,ENSG00000135218,0.1763679548055969,0.1763679548055969,1.5465778602972565e-10,1.0,1.0,0.77,1.0,1.0,6.7647315609402e-08,True
BCL11A,EEF1A1,EEF1A1,ENSG00000156508,0.17588625198988841,0.17588625198988841,1.7371038185569112e-10,1.0,1.0,0.39,0.97,0.99,7.522863467691019e-08,True
NFE2,CMAS,CMAS,ENSG00000111726,0.17538171966370925,0.17538171966370925,1.961192189654831e-10,1.0,1.0,0.77,1.0,1.0,8.341425279034407e-08,True
NFE2,TMCC2,TMCC2,ENSG00000133069,-0.17537521306839443,0.17537521306839443,1.964258810563658e-10,0.0,1.0,0.74,1.0,1.0,8.341425279034407e-08,True
NFE2,CDH1,CDH1,ENSG00000039068,0.17501023796609466,0.17501023796609466,2.143975895781809e-10,1.0,1.0,0.82,1.0,1.0,9.017067853990031e-08,True
NFE2,SGMS1,SGMS1,ENSG00000198964,0.17482980172449994,0.17482980172449994,2.2386541583164232e-10,1.0,1.0,0.71,1.0,1.0,9.325593608072414e-08,True
BCL11A,RHAG,RHAG,ENSG00000112077,0.1747337272061251,0.1747337272061251,2.2907180712179387e-10,1.0,1.0,0.37,0.97,0.99,9.403325883894405e-08,True
BCL11A,CHCHD3,CHCHD3,ENSG00000106554,0.17471625857014186,0.17471625857014186,2.300310630033611e-10,1.0,1.0,0.36,0.94,0.98,9.403325883894405e-08,True
NFE2,STRN3,STRN3,ENSG00000196792,0.17466596705197512,0.17466596705197512,2.3281465863807545e-10,1.0,1.0,0.68,0.99,1.0,9.428993674842055e-08,True
TAL1,SLC25A37,SLC25A37,ENSG00000147454,0.17300209722471083,0.17300209722471083,3.459202020723411e-10,1.0,1.0,0.95,1.0,1.0,1.388123820059101e-07,True
BCL11A,MTDH,MTDH,ENSG00000147649,0.17279871115247136,0.17279871115247136,3.6297917777633264e-10,1.0,1.0,0.38,0.84,0.97,1.436790291757493e-07,True
GFI1B,HBB,HBB,ENSG00000244734,-0.1727796706241675,0.1727796706241675,3.6461756375190154e-10,0.0,1.0,0.79,0.97,1.0,1.436790291757493e-07,True
GFI1B,NAPEPLD,NAPEPLD,ENSG00000161048,0.17255522508427706,0.17255522508427706,3.844824163651184e-10,1.0,1.0,0.75,0.98,1.0,1.5015411510544893e-07,True
NFE2,RFESD,RFESD,ENSG00000175449,0.17250346112644077,0.17250346112644077,3.892114766762109e-10,1.0,1.0,0.65,1.0,1.0,1.5065584061785365e-07,True
NFE2,GUK1,GUK1,ENSG00000143774,0.17212659124006968,0.17212659124006968,4.253931100617634e-10,1.0,1.0,0.71,1.0,1.0,1.6321661959738186e-07,True
GFI1B,CENPP,CENPP,ENSG00000188312,0.1718547509156874,0.1718547509156874,4.535063119952358e-10,1.0,1.0,0.7,0.95,1.0,1.72490139884101e-07,True
BCL11A,MYO1D,MYO1D,ENSG00000176658,0.17174112670699507,0.17174112670699507,4.657866540582676e-10,1.0,1.0,0.37,0.89,0.99,1.7563369179748812e-07,True
GFI1B,RDX,RDX,ENSG00000137710,0.1709063010281392,0.1709063010281392,5.665050471369704e-10,1.0,1.0,0.72,0.97,0.99,2.117857330065905e-07,True
BCL11A,GYPC,GYPC,ENSG00000136732,0.17084222816315275,0.17084222816315275,5.750577617534656e-10,1.0,1.0,0.28,0.96,0.99,2.1316124151776764e-07,True
BCL11A,MPHOSPH8,MPHOSPH8,ENSG00000196199,0.17066260038191688,0.17066260038191688,5.997117224428056e-10,1.0,1.0,0.45,0.89,0.98,2.2043185495502787e-07,True
BCL11A,EIF4G3,EIF4G3,ENSG00000075151,0.17061363738439295,0.17061363738439295,6.066086502224975e-10,1.0,1.0,0.3,0.84,0.98,2.2110885300610035e-07,True
NFE2,BLVRB,BLVRB,ENSG00000090013,0.17044250977661116,0.17044250977661116,6.313262426568771e-10,1.0,1.0,0.66,0.98,1.0,2.2821661036208101e-07,True
GATA1,SOX6,SOX6,ENSG00000110693,0.17027704125807738,0.17027704125807738,6.561584523983515e-10,1.0,1.0,0.97,0.99,1.0,2.3524894022872045e-07,True
TAL1,EPB41,EPB41,ENSG00000159023,0.16995500195553861,0.16995500195553861,7.072456842664694e-10,1.0,1.0,0.92,1.0,1.0,2.515034652830518e-07,True
BCL11A,DNAJC9,DNAJC9,ENSG00000213551,0.1697187426229145,0.1697187426229145,7.471691839431009e-10,1.0,1.0,0.36,0.89,1.0,2.635579040779938e-07,True
NFE2,PTK2B,PTK2B,ENSG00000120899,0.16960707899797114,0.16960707899797114,7.667943318200942e-10,1.0,1.0,0.64,0.99,1.0,2.683166725904874e-07,True
BCL11A,ADD2,ADD2,ENSG00000075340,0.16934737483573772,0.16934737483573772,8.144003737525018e-10,1.0,1.0,0.32,0.86,0.95,2.8271327260265423e-07,True
NFE2,ITSN1,ITSN1,ENSG00000205726,0.1691344180353588,0.1691344180353588,8.555750103132548e-10,1.0,1.0,0.7,1.0,1.0,2.9466811772521074e-07,True
BCL11A,KHDRBS1,KHDRBS1,ENSG00000121774,0.16905912211104746,0.16905912211104746,8.706130320088658e-10,1.0,1.0,0.37,0.88,0.96,2.975047970317796e-07,True
BCL11A,PRKDC,PRKDC,ENSG00000253729,0.1688296026805618,0.1688296026805618,9.180584657103923e-10,1.0,1.0,0.35,0.86,0.96,3.1128587046645393e-07,True
NFE2,EIF2AK1,EIF2AK1,ENSG00000086232,0.1687538212059187,0.1687538212059187,9.342698239312436e-10,1.0,1.0,0.65,0.99,1.0,3.1434586229809686e-07,True
BCL11A,ANP32E,ANP32E,ENSG00000143401,0.16866557566150944,0.16866557566150944,9.534990933187778e-10,1.0,1.0,0.27,0.79,0.96,3.1836679650201026e-07,True
BCL11A,ATRX,ATRX,ENSG00000085224,0.16859027496816667,0.16859027496816667,9.702119746370738e-10,1.0,1.0,0.35,0.86,0.97,3.2149296795928495e-07,True
BCL11A,CDC73,CDC73,ENSG00000134371,0.16842434984867016,0.16842434984867016,1.0080521313826155e-09,1.0,1.0,0.34,0.87,0.99,3.3152030245620753e-07,True
GFI1B,SMC6,SMC6,ENSG00000163029,0.16835190297602926,0.16835190297602926,1.0250213447062125e-09,1.0,1.0,0.71,0.96,1.0,3.3458532550335623e-07,True
NFE2,LRRN2,LRRN2,ENSG00000170382,0.16819122297171235,0.16819122297171235,1.0636561759474382e-09,1.0,1.0,0.63,0.98,1.0,3.4462460100697e-07,True
GATA1,PRDX2,PRDX2,ENSG00000167815,0.16795145472607656,0.16795145472607656,1.1239573002368517e-09,1.0,1.0,0.96,1.0,1.0,3.614845022967639e-07,True
BCL11A,USP24,USP24,ENSG00000162402,0.1675408181892008,0.1675408181892008,1.2350510892272707e-09,1.0,1.0,0.35,0.87,0.96,3.943148514073052e-07,True
NFE2,STX2,STX2,ENSG00000111450,0.16722183999128593,0.16722183999128593,1.3286577067431982e-09,1.0,1.0,0.62,1.0,1.0,4.211267253112137e-07,True
GFI1B,EXOC6,EXOC6,ENSG00000138190,0.16710913091471544,0.16710913091471544,1.3633567004417026e-09,1.0,1.0,0.74,0.96,0.98,4.290159861677703e-07,True
NFE2,GYPE,GYPE,ENSG00000197465,0.16700061073211556,0.16700061073211556,1.3975989603427472e-09,1.0,1.0,0.6,1.0,1.0,4.366498466099411e-07,True
BCL11A,BCAP29,BCAP29,ENSG00000075790,0.16696193771322723,0.16696193771322723,1.4100029827089457e-09,1.0,1.0,0.33,0.84,0.95,4.374009252743921e-07,True
BCL11A,CD58,CD58,ENSG00000116815,0.16692011157776854,0.16692011157776854,1.4235389804163961e-09,1.0,1.0,0.29,0.85,0.96,4.3849010565783926e-07,True
BCL11A,MAN2A1,MAN2A1,ENSG00000112893,0.16672606052656389,0.16672606052656389,1.488011715470693e-09,1.0,1.0,0.28,0.91,0.98,4.5262079672556754e-07,True
BCL11A,SPTB,SPTB,ENSG00000070182,0.1667198846408014,0.1667198846408014,1.490109618849605e-09,1.0,1.0,0.2,0.84,0.99,4.5262079672556754e-07,True
GFI1B,CARHSP1,CARHSP1,ENSG00000153048,0.16640180236641267,0.16640180236641267,1.6021416342938026e-09,1.0,1.0,0.67,0.92,0.98,4.832943109242132e-07,True
NFE2,AHSP,AHSP,ENSG00000169877,0.1656944316447295,0.1656944316447295,1.8814682336157635e-09,1.0,1.0,0.58,0.99,1.0,5.575863839175361e-07,True
GATA1,HMBS,HMBS,ENSG00000256269,0.16568183149136573,0.16568183149136573,1.886850224531814e-09,1.0,1.0,0.82,0.98,1.0,5.575863839175361e-07,True
NFE2,TRIM10,TRIM10,ENSG00000204613,0.1656711306413075,0.1656711306413075,1.8914327155714364e-09,1.0,1.0,0.6,0.97,0.99,5.575863839175361e-07,True
BCL11A,NUCKS1,NUCKS1,ENSG00000069275,0.1656525530121269,0.1656525530121269,1.899414065014012e-09,1.0,1.0,0.2,0.85,1.0,5.575863839175361e-07,True
NFE2,TM9SF3,TM9SF3,ENSG00000077147,0.16554879362158892,0.16554879362158892,1.944597693296035e-09,1.0,1.0,0.61,1.0,1.0,5.670446873651239e-07,True
BCL11A,H3F3A,H3F3A,ENSG00000163041,0.16523560700760997,0.16523560700760997,2.087415294398937e-09,1.0,1.0,0.22,0.88,0.98,6.046592382583412e-07,True
BCL11A,NCEH1,NCEH1,ENSG00000144959,0.16488594891214536,0.16488594891214536,2.2589310982058268e-09,1.0,1.0,0.25,0.87,0.95,6.458005458703826e-07,True
KLF1,OSBP2,OSBP2,ENSG00000184792,0.16488586648667267,0.16488586648667267,2.2589731028387865e-09,1.0,1.0,0.87,0.99,1.0,6.458005458703826e-07,True
BCL11A,TLN1,TLN1,ENSG00000137076,0.16480368727564448,0.16480368727564448,2.3012325412366078e-09,1.0,1.0,0.2,0.77,0.96,6.53609813984995e-07,True
BCL11A,ZNF273,ZNF273,ENSG00000198039,0.16414858826417741,0.16414858826417741,2.6667550359620908e-09,1.0,1.0,0.29,0.86,0.96,7.525410662773023e-07,True
KLF1,HMBS,HMBS,ENSG00000256269,0.16342576187332655,0.16342576187332655,3.135648552848584e-09,1.0,1.0,0.94,0.98,1.0,8.791876134717761e-07,True
GFI1B,SLC25A21,SLC25A21,ENSG00000183032,0.16336608423599905,0.16336608423599905,3.177760600657747e-09,1.0,1.0,0.63,0.96,1.0,8.853200552405722e-07,True
BCL11A,DECR1,DECR1,ENSG00000104325,0.16326316327413493,0.16326316327413493,3.2516833959155876e-09,1.0,1.0,0.22,0.82,0.98,9.001812135275178e-07,True
KLF1,GYPC,GYPC,ENSG00000136732,0.1630497812523243,0.1630497812523243,3.4103106846120366e-09,1.0,1.0,0.9,0.99,1.0,9.381571656913866e-07,True
GFI1B,RPL18,RPL18,ENSG00000063177,0.16295296966756415,0.16295296966756415,3.4847378034531654e-09,1.0,1.0,0.66,0.98,1.0,9.526401970190091e-07,True
BCL11A,PPP1R12B,PPP1R12B,ENSG00000077157,0.16276479491569554,0.16276479491569554,3.6339484883709467e-09,1.0,1.0,0.24,0.87,0.97,9.872602911884796e-07,True
BCL11A,HIST1H1E,HIST1H1E,ENSG00000168298,0.16271737978358589,0.16271737978358589,3.6725147210933037e-09,1.0,1.0,0.21,0.84,0.97,9.91578974695192e-07,True
BCL11A,CPOX,CPOX,ENSG00000080819,0.16189345147872036,0.16189345147872036,4.4098004690844385e-09,1.0,1.0,0.24,0.79,0.95,1.1829185890209146e-06,True
KLF1,SPTA1,SPTA1,ENSG00000163554,0.16186744876085007,0.16186744876085007,4.435268600810013e-09,1.0,1.0,0.91,1.0,1.0,1.1829185890209146e-06,True
NFE2,TFDP2,TFDP2,ENSG00000114126,0.1616244418102065,0.1616244418102065,4.680295767985307e-09,1.0,1.0,0.56,0.99,1.0,1.2407038599495597e-06,True
BCL11A,RPL3,RPL3,ENSG00000100316,0.16138330114887325,0.16138330114887325,4.936425366517075e-09,1.0,1.0,0.16,0.86,0.98,1.2887246230998818e-06,True
TAL1,MARK3,MARK3,ENSG00000075413,0.16137597040825008,0.16137597040825008,4.944421356182023e-09,1.0,1.0,0.93,1.0,1.0,1.2887246230998818e-06,True
GFI1B,RPS3,RPS3,ENSG00000149273,0.1613671627783356,0.1613671627783356,4.954044907900971e-09,1.0,1.0,0.75,1.0,1.0,1.2887246230998818e-06,True
NFE2,NUTM2A-AS1,NUTM2A-AS1,ENSG00000223482,0.16134413026164957,0.16134413026164957,4.9792972406008235e-09,1.0,1.0,0.51,1.0,1.0,1.2887246230998818e-06,True
BCL11A,ANAPC16,ANAPC16,ENSG00000166295,0.1611202133767399,0.1611202133767399,5.2314054290437324e-09,1.0,1.0,0.25,0.8,0.95,1.3460098439198402e-06,True
BCL11A,TRIM10,TRIM10,ENSG00000204613,0.1610340539126697,0.1610340539126697,5.331681021105102e-09,1.0,1.0,0.13,0.87,0.98,1.363787882240568e-06,True
BCL11A,METAP2,METAP2,ENSG00000111142,0.1609395750491596,0.1609395750491596,5.443786214585464e-09,1.0,1.0,0.21,0.79,0.97,1.3843674943370245e-06,True
BCL11A,SUCO,SUCO,ENSG00000094975,0.16085689809106823,0.16085689809106823,5.543764293072567e-09,1.0,1.0,0.18,0.79,0.95,1.4016430646184628e-06,True
BCL11A,CNNM2,CNNM2,ENSG00000148842,0.16078476542587022,0.16078476542587022,5.632447161021668e-09,1.0,1.0,0.19,0.82,0.96,1.415880682891309e-06,True
BCL11A,ST8SIA6,ST8SIA6,ENSG00000148488,0.16040211997637413,0.16040211997637413,6.1264327173057834e-09,1.0,1.0,0.25,0.78,0.97,1.5272053430491726e-06,True
BCL11A,CEP192,CEP192,ENSG00000101639,0.16038823036870098,0.16038823036870098,6.145133524843493e-09,1.0,1.0,0.26,0.79,0.94,1.5272053430491726e-06,True
GATA1,RPS27A,RPS27A,ENSG00000143947,0.16029588942190073,0.16029588942190073,6.270877861769141e-09,1.0,1.0,0.94,1.0,1.0,1.5496508343151538e-06,True
NFE2,KEL,KEL,ENSG00000197993,0.15996496154556278,0.15996496154556278,6.74237869776863e-09,1.0,1.0,0.42,0.96,1.0,1.6567581775719228e-06,True
BCL11A,ATF5,ATF5,ENSG00000169136,0.15993949481926728,0.15993949481926728,6.780057471087658e-09,1.0,1.0,0.23,0.83,0.97,1.6567581775719228e-06,True
GFI1B,EPB41L4A,EPB41L4A,ENSG00000129595,0.1598083561957171,0.1598083561957171,6.977342654434407e-09,1.0,1.0,0.57,0.88,0.96,1.6893836821550366e-06,True
BCL11A,RABGAP1L,RABGAP1L,ENSG00000152061,0.1597873860309953,0.1597873860309953,7.009403019670691e-09,1.0,1.0,0.25,0.88,1.0,1.6893836821550366e-06,True
BCL11A,EPRS,EPRS,ENSG00000136628,0.15977432557350316,0.15977432557350316,7.02944284755868e-09,1.0,1.0,0.21,0.81,0.92,1.6893836821550366e-06,True
NFE2,AC078778.1,AC078778.1,ENSG00000258344,0.15971507230672555,0.15971507230672555,7.121061607835735e-09,1.0,1.0,0.45,1.0,1.0,1.6992782869794282e-06,True
BCL11A,LTBP1,LTBP1,ENSG00000049323,0.1596975907476139,0.1596975907476139,7.1483128670373756e-09,1.0,1.0,0.26,0.77,0.94,1.6992782869794282e-06,True
BCL11A,PDZD8,PDZD8,ENSG00000165650,0.15951206107492433,0.15951206107492433,7.443841456695849e-09,1.0,1.0,0.25,0.87,0.99,1.7599655422479808e-06,True
BCL11A,IMPA2,IMPA2,ENSG00000141401,0.15947177690284128,0.15947177690284128,7.50956041579583e-09,1.0,1.0,0.21,0.79,0.94,1.7659579171339227e-06,True
NFE2,KLF3,KLF3,ENSG00000109787,0.15923136546576122,0.15923136546576122,7.913640394664541e-09,1.0,1.0,0.52,0.99,1.0,1.8510301115648505e-06,True
BCL11A,CDC42BPA,CDC42BPA,ENSG00000143776,0.15910941830478617,0.15910941830478617,8.126601712388923e-09,1.0,1.0,0.2,0.73,0.9,1.8907316962760186e-06,True
BCL11A,NAPEPLD,NAPEPLD,ENSG00000161048,0.15901190627104927,0.15901190627104927,8.300885752928329e-09,1.0,1.0,0.25,0.82,0.96,1.9163175854415607e-06,True
BCL11A,NUTM2B-AS1,NUTM2B-AS1,ENSG00000225484,0.15899901508667352,0.15899901508667352,8.324196187331883e-09,1.0,1.0,0.17,0.86,1.0,1.9163175854415607e-06,True
TAL1,ANK1,ANK1,ENSG00000029534,0.15895449176187276,0.15895449176187276,8.405195266711105e-09,1.0,1.0,0.88,0.98,1.0,1.9248337223347838e-06,True
BCL11A,CIP2A,CIP2A,ENSG00000163507,0.15844772523696637,0.15844772523696637,9.382793457991425e-09,1.0,1.0,0.21,0.76,0.91,2.133777599276643e-06,True
BCL11A,SNCA,SNCA,ENSG00000145335,0.15843183866075275,0.15843183866075275,9.415159502981073e-09,1.0,1.0,0.19,0.82,0.98,2.133777599276643e-06,True
TAL1,ABCC4,ABCC4,ENSG00000125257,0.15837754553298197,0.15837754553298197,9.526592346826578e-09,1.0,1.0,0.91,0.99,1.0,2.1479028311865696e-06,True
BCL11A,TCEA1,TCEA1,ENSG00000187735,0.15826162266514682,0.15826162266514682,9.768818314825836e-09,1.0,1.0,0.18,0.77,0.94,2.191221092771703e-06,True
GFI1B,RPL8,RPL8,ENSG00000161016,0.1580579188269304,0.1580579188269304,1.0209028883564408e-08,1.0,1.0,0.55,0.93,1.0,2.278280221260751e-06,True
NFE2,AGPAT4,AGPAT4,ENSG00000026652,0.15766629297040402,0.15766629297040402,1.1110078333848332e-08,1.0,1.0,0.6,0.97,0.99,2.46677576813465e-06,True
NFE2,ACSL6,ACSL6,ENSG00000164398,0.15759184675703877,0.15759184675703877,1.1289885949023369e-08,1.0,1.0,0.56,0.98,0.99,2.4940384414660716e-06,True
BCL11A,SLC11A2,SLC11A2,ENSG00000110911,0.15744739906892763,0.15744739906892763,1.1646857931130654e-08,1.0,1.0,0.13,0.74,0.93,2.5599676678776623e-06,True
BCL11A,HEMGN,HEMGN,ENSG00000136929,0.15722636079929908,0.15722636079929908,1.2214407136321994e-08,1.0,1.0,0.16,0.8,0.96,2.67129084071362e-06,True
BCL11A,RAB6B,RAB6B,ENSG00000154917,0.15706574403368687,0.15706574403368687,1.2643560759261498e-08,1.0,1.0,0.23,0.74,0.92,2.751389789104965e-06,True
TAL1,SLC2A1,SLC2A1,ENSG00000117394,0.15698372147795345,0.15698372147795345,1.2868326442673258e-08,1.0,1.0,0.93,1.0,1.0,2.7864386069432095e-06,True
BCL11A,PPP1R12A,PPP1R12A,ENSG00000058272,0.15682987947740765,0.15682987947740765,1.3300400771610043e-08,1.0,1.0,0.18,0.79,0.92,2.8658104913804107e-06,True
NFE2,TLCD4,TLCD4,ENSG00000152078,0.1563650608657112,0.1563650608657112,1.4693140046064967e-08,1.0,1.0,0.49,0.99,1.0,3.1503820863474592e-06,True
BCL11A,TMEM120B,TMEM120B,ENSG00000188735,0.15622224122716777,0.15622224122716777,1.5148787406655618e-08,1.0,1.0,0.16,0.73,0.88,3.232233956912765e-06,True
NFE2,TNS1,TNS1,ENSG00000079308,0.15589859346567866,0.15589859346567866,1.6232652634027172e-08,1.0,1.0,0.44,0.94,1.0,3.446680709768682e-06,True
BCL11A,CPLANE1,CPLANE1,ENSG00000197603,0.15587515616049952,0.15587515616049952,1.6313998417592215e-08,1.0,1.0,0.18,0.76,0.91,3.4472187960651375e-06,True
BCL11A,NSMCE2,NSMCE2,ENSG00000156831,0.1557743008376192,0.1557743008376192,1.6668580232440585e-08,1.0,1.0,0.16,0.78,0.93,3.505210093110342e-06,True
BCL11A,TMEM131,TMEM131,ENSG00000075568,0.155610325009271,0.155610325009271,1.7261093408854632e-08,1.0,1.0,0.19,0.74,0.92,3.609451219774994e-06,True
BCL11A,USP32,USP32,ENSG00000170832,0.1555917934290424,0.1555917934290424,1.7329326843912866e-08,1.0,1.0,0.14,0.75,0.95,3.609451219774994e-06,True
TAL1,BMP2K,BMP2K,ENSG00000138756,0.15512497856260318,0.15512497856260318,1.9137071970966914e-08,1.0,1.0,0.92,1.0,1.0,3.933401354937974e-06,True
BCL11A,JADE1,JADE1,ENSG00000077684,0.1551207084712423,0.1551207084712423,1.9154423607722644e-08,1.0,1.0,0.25,0.75,0.94,3.933401354937974e-06,True
NFE2,TXNIP,TXNIP,ENSG00000265972,0.15481900911615304,0.15481900911615304,2.0419782806832416e-08,1.0,1.0,0.52,0.93,0.98,4.173650934443224e-06,True
NFE2,FOXO3,FOXO3,ENSG00000118689,0.15473373785267058,0.15473373785267058,2.0791872262048016e-08,1.0,1.0,0.43,0.98,1.0,4.229937175544094e-06,True
GFI1B,CASP8AP2,CASP8AP2,ENSG00000118412,0.15451588793841772,0.15451588793841772,2.1772584389654196e-08,1.0,1.0,0.48,0.81,0.97,4.408948338904975e-06,True
NFE2,ACKR1,ACKR1,ENSG00000213088,0.1543335717316595,0.1543335717316595,2.2627676233809444e-08,1.0,1.0,0.4,0.91,0.96,4.527164458584725e-06,True
NFE2,SUCO,SUCO,ENSG00000094975,0.15433210448796028,0.15433210448796028,2.2634688179907373e-08,1.0,1.0,0.39,0.96,1.0,4.527164458584725e-06,True
BCL11A,RPL5,RPL5,ENSG00000122406,0.1543253755317008,0.1543253755317008,2.2666872803613505e-08,1.0,1.0,0.16,0.78,0.99,4.527164458584725e-06,True
GFI1B,RPS6,RPS6,ENSG00000137154,0.15424377002711323,0.15424377002711323,2.3060741553788246e-08,1.0,1.0,0.44,0.98,0.99,4.584894707103172e-06,True
GATA1,GYPC,GYPC,ENSG00000136732,0.15410021453529715,0.15410021453529715,2.37697725501033e-08,1.0,1.0,0.82,0.98,1.0,4.704478965346238e-06,True
GFI1B,EEF1A1,EEF1A1,ENSG00000156508,0.15405228553013325,0.15405228553013325,2.401116929399038e-08,1.0,1.0,0.53,0.96,1.0,4.730849301437564e-06,True
BCL11A,LRRFIP2,LRRFIP2,ENSG00000093167,0.15383739897020407,0.15383739897020407,2.512298541582377e-08,1.0,1.0,0.09,0.71,0.89,4.927710233579067e-06,True
BCL11A,RPLP1,RPLP1,ENSG00000137818,0.15376627933177353,0.15376627933177353,2.550182808031517e-08,1.0,1.0,0.09,0.74,0.96,4.9796873224686865e-06,True
GFI1B,RPSA,RPSA,ENSG00000168028,0.15373030784689692,0.15373030784689692,2.569554520062711e-08,1.0,1.0,0.51,0.94,0.99,4.99521398700191e-06,True
NFE2,HMOX1,HMOX1,ENSG00000100292,-0.15339031010482748,0.15339031010482748,2.759840350851526e-08,0.0,1.0,0.48,0.98,1.0,5.341390130364857e-06,True
BCL11A,RPS27A,RPS27A,ENSG00000143947,0.15336043857462583,0.15336043857462583,2.7771964363980798e-08,1.0,1.0,0.09,0.84,0.97,5.351302736918591e-06,True
KLF1,JAZF1,JAZF1,ENSG00000153814,0.1530334968312828,0.1530334968312828,2.9742079831716806e-08,1.0,1.0,0.86,0.98,1.0,5.70578320982146e-06,True
BCL11A,SCFD1,SCFD1,ENSG00000092108,0.15291314670292896,0.15291314670292896,3.0500864285235644e-08,1.0,1.0,0.14,0.79,0.89,5.825798270027106e-06,True
GATA1,TFRC,TFRC,ENSG00000072274,0.15287562761911075,0.15287562761911075,3.0741226712639626e-08,1.0,1.0,0.8,0.99,1.0,5.846179375699379e-06,True
GATA1,CDC27,CDC27,ENSG00000004897,0.1525464479182934,0.1525464479182934,3.2930285503774684e-08,1.0,1.0,0.77,0.98,0.99,6.208494344547866e-06,True
BCL11A,SERBP1,SERBP1,ENSG00000142864,0.15242277255775288,0.15242277255775288,3.3791153889972045e-08,1.0,1.0,0.1,0.74,0.93,6.3163464578947745e-06,True
GFI1B,CD36,CD36,ENSG00000135218,0.1520325625700166,0.1520325625700166,3.665262402148594e-08,1.0,1.0,0.47,0.93,1.0,6.8220671263821066e-06,True
BCL11A,SMC2,SMC2,ENSG00000136824,0.151918973825576,0.151918973825576,3.752878849909516e-08,1.0,1.0,0.17,0.74,0.92,6.955547495552638e-06,True
NFE2,RNF11,RNF11,ENSG00000123091,0.15181661824721565,0.15181661824721565,3.833565836729812e-08,1.0,1.0,0.42,0.95,0.99,7.043573837451311e-06,True
NFE2,TNXB,TNXB,ENSG00000168477,0.15170434572913363,0.15170434572913363,3.9240027612156956e-08,1.0,1.0,0.39,0.93,0.99,7.121820779069482e-06,True
BCL11A,PRKAR2B,PRKAR2B,ENSG00000005249,0.15161229755368688,0.15161229755368688,3.999687193518874e-08,1.0,1.0,0.14,0.74,0.92,7.229186687789899e-06,True
NFE2,ZMYND8,ZMYND8,ENSG00000101040,0.15158803087698028,0.15158803087698028,4.019874220805495e-08,1.0,1.0,0.38,0.96,0.99,7.235773597449891e-06,True
NFE2,CR1L,CR1L,ENSG00000197721,0.15150436599795394,0.15150436599795394,4.0902330075136683e-08,1.0,1.0,0.48,0.94,0.98,7.332245563469174e-06,True
GFI1B,LPIN2,LPIN2,ENSG00000101577,-0.1514516913981207,0.1514516913981207,4.1351404982530406e-08,0.0,1.0,0.48,0.9,0.96,7.382491648717878e-06,True
BCL11A,NUDT4,NUDT4,ENSG00000173598,0.15140816874604915,0.15140816874604915,4.172605475507561e-08,1.0,1.0,0.12,0.75,0.93,7.4190960771829565e-06,True
NFE2,AAK1,AAK1,ENSG00000115977,-0.15119393970950434,0.15119393970950434,4.3618606588385615e-08,0.0,1.0,0.38,0.94,0.99,7.724201830672012e-06,True
GFI1B,RPL23,RPL23,ENSG00000125691,0.1509197913642824,0.1509197913642824,4.616205629184873e-08,1.0,1.0,0.44,0.96,0.99,8.141646541151062e-06,True
BCL11A,XRCC5,XRCC5,ENSG00000079246,0.15081173374629517,0.15081173374629517,4.720353867540999e-08,1.0,1.0,0.1,0.72,0.89,8.277483050002147e-06,True
BCL11A,PICALM,PICALM,ENSG00000073921,0.1507811405499061,0.1507811405499061,4.750251142852657e-08,1.0,1.0,0.12,0.75,0.96,8.277927688779889e-06,True
BCL11A,DLEU2,DLEU2,ENSG00000231607,0.15061741895245787,0.15061741895245787,4.9133907895019774e-08,1.0,1.0,0.11,0.81,0.97,8.497768933547684e-06,True
NFE2,USP32,USP32,ENSG00000170832,0.15061557189970787,0.15061557189970787,4.915261865998089e-08,1.0,1.0,0.33,0.96,1.0,8.497768933547684e-06,True
NFE2,TSPO2,TSPO2,ENSG00000112212,0.15053372538428333,0.15053372538428333,4.9988690551658866e-08,1.0,1.0,0.4,0.95,0.98,8.574530685213956e-06,True
NFE2,UROD,UROD,ENSG00000126088,0.150189502508867,0.150189502508867,5.3658185581093824e-08,1.0,1.0,0.33,0.95,0.99,9.132330884502115e-06,True
GATA1,KEL,KEL,ENSG00000197993,0.15005005799088844,0.15005005799088844,5.521775771577137e-08,1.0,1.0,0.79,0.97,1.0,9.361336133673796e-06,True
NFE2,LINC00278,LINC00278,ENSG00000231535,0.14988258193332643,0.14988258193332643,5.714888451673444e-08,1.0,1.0,0.35,0.93,0.98,9.614200802930632e-06,True
BCL11A,CMAS,CMAS,ENSG00000111726,0.1498521921924347,0.1498521921924347,5.7506239360434217e-08,1.0,1.0,0.17,0.73,0.89,9.637252527300355e-06,True
GFI1B,RPL11,RPL11,ENSG00000142676,0.14974484107444444,0.14974484107444444,5.878598415849759e-08,1.0,1.0,0.48,0.98,0.99,9.81411811867437e-06,True
GFI1B,RPL21,RPL21,ENSG00000122026,0.1495147672089809,0.1495147672089809,6.162223041144683e-08,1.0,1.0,0.46,0.9,0.97,1.013291863983716e-05,True
TAL1,WNK1,WNK1,ENSG00000060237,0.14945082480023164,0.14945082480023164,6.243371486792439e-08,1.0,1.0,0.8,0.97,0.99,1.01897413743396e-05,True
NFE2,ANKH,ANKH,ENSG00000154122,0.14921739129016645,0.14921739129016645,6.548489748990229e-08,1.0,1.0,0.36,0.96,1.0,1.0647990394826492e-05,True
NFE2,DECR1,DECR1,ENSG00000104325,0.14872547195722635,0.14872547195722635,7.239431527378005e-08,1.0,1.0,0.28,0.93,0.99,1.1727879074352368e-05,True
GFI1B,HBA2,HBA2,ENSG00000188536,-0.1486842385313152,0.1486842385313152,7.300448960815831e-08,0.0,1.0,0.41,0.9,0.98,1.1783086256313079e-05,True
BCL11A,TRIB3,TRIB3,ENSG00000101255,0.14861930397859785,0.14861930397859785,7.397549402511425e-08,1.0,1.0,0.1,0.71,0.92,1.1862579402552543e-05,True
BCL11A,PTMA,PTMA,ENSG00000187514,0.1485970838114757,0.1485970838114757,7.431062542979874e-08,1.0,1.0,0.06,0.71,0.87,1.1862579402552543e-05,True
BCL11A,TMEM233,TMEM233,ENSG00000224982,0.14846125022022613,0.14846125022022613,7.639146872596713e-08,1.0,1.0,0.11,0.76,0.88,1.2106387108963051e-05,True
NFE2,NFIA,NFIA,ENSG00000162599,0.14837545420348125,0.14837545420348125,7.773470933831443e-08,1.0,1.0,0.32,0.95,0.99,1.2274787676743224e-05,True
BCL11A,STRN,STRN,ENSG00000115808,0.1480618568948026,0.1480618568948026,8.284155486109788e-08,1.0,1.0,0.17,0.76,0.91,1.2921065990962153e-05,True
BCL11A,CENPK,CENPK,ENSG00000123219,0.14805188619748522,0.14805188619748522,8.300913450983916e-08,1.0,1.0,0.14,0.7,0.88,1.2921065990962153e-05,True
GFI1B,DHX9,DHX9,ENSG00000135829,0.1478911098044911,0.1478911098044911,8.575703726484053e-08,1.0,1.0,0.5,0.94,0.99,1.3161448456014472e-05,True
GFI1B,NASP,NASP,ENSG00000132780,0.14765522571733578,0.14765522571733578,8.994845009129673e-08,1.0,1.0,0.4,0.83,0.96,1.366092085761569e-05,True
GFI1B,RPS5,RPS5,ENSG00000083845,0.14762068376716492,0.14762068376716492,9.057861633861585e-08,1.0,1.0,0.51,0.9,0.99,1.3709026569726842e-05,True
GFI1B,EEF1G,EEF1G,ENSG00000254772,0.1475168846445813,0.1475168846445813,9.249807313444553e-08,1.0,1.0,0.37,0.82,0.94,1.3951261099657405e-05,True
KLF1,EPOR,EPOR,ENSG00000187266,0.14726734615673148,0.14726734615673148,9.72748605456119e-08,1.0,1.0,0.78,0.97,0.98,1.4621314090257954e-05,True
GFI1B,TCF12,TCF12,ENSG00000140262,0.14707034106165004,0.14707034106165004,1.0121366421211925e-07,1.0,1.0,0.39,0.82,0.96,1.5109507415147086e-05,True
GATA1,BLVRB,BLVRB,ENSG00000090013,0.14704823599806002,0.14704823599806002,1.0166512313373242e-07,1.0,1.0,0.75,0.96,1.0,1.5125280564181823e-05,True
NFE2,GALNT5,GALNT5,ENSG00000136542,0.14703085971802454,0.14703085971802454,1.020213706424179e-07,1.0,1.0,0.41,0.96,0.99,1.5126829667455455e-05,True
NFE2,BMP2K,BMP2K,ENSG00000138756,0.14695343401739874,0.14695343401739874,1.0362347125003703e-07,1.0,1.0,0.28,0.92,0.98,1.5312468352961555e-05,True
GFI1B,RPS27A,RPS27A,ENSG00000143947,0.14674065496933555,0.14674065496933555,1.0815258860528132e-07,1.0,1.0,0.34,0.9,0.98,1.582138536988296e-05,True
NFE2,RAD23A,RAD23A,ENSG00000179262,0.1466257661045443,0.1466257661045443,1.1067701349587425e-07,1.0,1.0,0.32,0.94,1.0,1.6136708567698465e-05,True
GFI1B,ATAD2,ATAD2,ENSG00000156802,0.14560456450999976,0.14560456450999976,1.3576476523706257e-07,1.0,1.0,0.43,0.84,0.96,1.9155970424093925e-05,True
KLF1,ISG15,ISG15,ENSG00000187608,-0.1455641533688178,0.1455641533688178,1.3686291200115704e-07,0.0,1.0,0.75,0.96,0.99,1.920148636911694e-05,True
GFI1B,H2AFY,H2AFY,ENSG00000113648,0.14556040025569542,0.14556040025569542,1.3696533486887253e-07,1.0,1.0,0.4,0.87,0.98,1.920148636911694e-05,True
NFE2,MFSD2B,MFSD2B,ENSG00000205639,0.14513273024949858,0.14513273024949858,1.4913446687720827e-07,1.0,1.0,0.35,0.96,0.98,2.0774336245888823e-05,True
GATA1,LPIN2,LPIN2,ENSG00000101577,-0.14506831479537938,0.14506831479537938,1.5105558612787276e-07,0.0,1.0,0.68,0.97,0.99,2.0975147102327476e-05,True
GATA1,FAM210B,FAM210B,ENSG00000124098,0.1450271062468852,0.1450271062468852,1.522971001676856e-07,1.0,1.0,0.68,0.97,0.98,2.1014117228184756e-05,True
NFE2,MTMR3,MTMR3,ENSG00000100330,0.14494870000501087,0.14494870000501087,1.5468656400541436e-07,1.0,1.0,0.34,0.89,0.98,2.1276699086782466e-05,True
KLF1,CDKN1A,CDKN1A,ENSG00000124762,-0.1444564509648604,0.1444564509648604,1.7053648001454105e-07,0.0,1.0,0.75,0.96,0.99,2.3093701658935063e-05,True
KLF1,CLEC2B,CLEC2B,ENSG00000110852,-0.14431518325103013,0.14431518325103013,1.7536754552578843e-07,0.0,1.0,0.76,0.97,0.99,2.3601773665532267e-05,True
GATA1,KLF13,KLF13,ENSG00000169926,0.14423544293303034,0.14423544293303034,1.7815257709882248e-07,1.0,1.0,0.59,0.97,1.0,2.3903048227921766e-05,True
GFI1B,RPL7,RPL7,ENSG00000147604,0.1441535134010132,0.1441535134010132,1.8105853583395554e-07,1.0,1.0,0.31,0.87,0.96,2.421865552714745e-05,True
TAL1,DAPK1,DAPK1,ENSG00000196730,0.14394959691900805,0.14394959691900805,1.8849136041775585e-07,1.0,1.0,0.8,0.97,0.99,2.5136012514245856e-05,True
GATA1,RHCE,RHCE,ENSG00000188672,0.1438117652597411,0.1438117652597411,1.9368132538727264e-07,1.0,1.0,0.73,0.96,0.99,2.5740881751139186e-05,True
NFE2,CD58,CD58,ENSG00000116815,0.14379807783468967,0.14379807783468967,1.9420418330763446e-07,1.0,1.0,0.23,0.92,0.96,2.5740881751139186e-05,True
GATA1,PDE12,PDE12,ENSG00000174840,0.14378190906473798,0.14378190906473798,1.9482358407841892e-07,1.0,1.0,0.71,0.94,0.99,2.574496546099711e-05,True
NFE2,TRAK2,TRAK2,ENSG00000115993,0.14372894035353279,0.14372894035353279,1.9686612126287956e-07,1.0,1.0,0.32,0.95,0.99,2.585863106317823e-05,True
KLF1,TSPAN5,TSPAN5,ENSG00000168785,0.14332422588076996,0.14332422588076996,2.1316946597628775e-07,1.0,1.0,0.81,0.98,0.99,2.737654563796641e-05,True
NFE2,HBM,HBM,ENSG00000206177,0.14331409283008567,0.14331409283008567,2.1359393728782996e-07,1.0,1.0,0.27,0.92,1.0,2.737654563796641e-05,True
NFE2,NSUN3,NSUN3,ENSG00000178694,-0.1433031012390601,0.1433031012390601,2.140552951116715e-07,0.0,1.0,0.36,0.91,0.99,2.737654563796641e-05,True
NFE2,GPX4,GPX4,ENSG00000167468,-0.14320803067769824,0.14320803067769824,2.1808610164026308e-07,0.0,1.0,0.19,0.9,0.98,2.772990141204973e-05,True
BCL11A,SUZ12,SUZ12,ENSG00000178691,0.14244680139689608,0.14244680139689608,2.5311112207714486e-07,1.0,1.0,0.07,0.71,0.93,3.1722293637977986e-05,True
NFE2,AC024267.1,AC024267.1,ENSG00000264066,0.14239093565633032,0.14239093565633032,2.558850955193645e-07,1.0,1.0,0.25,0.94,0.98,3.197832593719143e-05,True
GFI1B,RPL10A,RPL10A,ENSG00000198755,0.1422577055620388,0.1422577055620388,2.6261943937147e-07,1.0,1.0,0.3,0.82,0.95,3.2726422444752415e-05,True
NFE2,JAK1,JAK1,ENSG00000162434,-0.1421694372297028,0.1421694372297028,2.6717494148333643e-07,0.0,1.0,0.25,0.9,0.98,3.314758562677801e-05,True
NFE2,RHD,RHD,ENSG00000187010,0.1421629102245812,0.1421629102245812,2.675148085563017e-07,1.0,1.0,0.16,0.92,0.98,3.314758562677801e-05,True
GATA1,RPS17,RPS17,ENSG00000182774,0.14148843725224294,0.14148843725224294,3.049766759918458e-07,1.0,1.0,0.75,0.96,0.99,3.715788247321263e-05,True
GFI1B,COPS3,COPS3,ENSG00000141030,0.1414156725783367,0.1414156725783367,3.093082163037555e-07,1.0,1.0,0.44,0.84,0.95,3.7580948280906296e-05,True
GFI1B,RTTN,RTTN,ENSG00000176225,0.14122252726733847,0.14122252726733847,3.2109548402501544e-07,1.0,1.0,0.35,0.8,0.96,3.890503177632735e-05,True
NFE2,PPIP5K2,PPIP5K2,ENSG00000145725,0.14113531457468612,0.14113531457468612,3.2655876059257253e-07,1.0,1.0,0.26,0.89,0.96,3.942709826404871e-05,True
GFI1B,NAP1L1,NAP1L1,ENSG00000187109,0.14111083223649692,0.14111083223649692,3.28108453774891e-07,1.0,1.0,0.34,0.87,0.93,3.942709826404871e-05,True
GFI1B,ABCC5,ABCC5,ENSG00000114770,0.1408967467346141,0.1408967467346141,3.4196525467891456e-07,1.0,1.0,0.26,0.8,0.96,4.075629493094202e-05,True
GFI1B,HSDL2,HSDL2,ENSG00000119471,0.14083516954982586,0.14083516954982586,3.4605424949009476e-07,1.0,1.0,0.28,0.81,0.98,4.1131556719284635e-05,True
GFI1B,RACK1,RACK1,ENSG00000204628,0.14067048440980287,0.14067048440980287,3.5722302496288887e-07,1.0,1.0,0.37,0.86,0.98,4.214544709766992e-05,True
TAL1,HERC1,HERC1,ENSG00000103657,0.140666825099527,0.140666825099527,3.5747509998252265e-07,1.0,1.0,0.74,0.96,0.99,4.214544709766992e-05,True
GFI1B,RPLP0,RPLP0,ENSG00000089157,0.14053295995199663,0.14053295995199663,3.6681532347323945e-07,1.0,1.0,0.26,0.84,0.93,4.2671548533828445e-05,True
GFI1B,CDC6,CDC6,ENSG00000094804,0.14034448958743093,0.14034448958743093,3.803652492379234e-07,1.0,1.0,0.32,0.75,0.89,4.413044032272352e-05,True
NFE2,PTPRA,PTPRA,ENSG00000132670,0.14032480638105022,0.14032480638105022,3.818078670128667e-07,1.0,1.0,0.28,0.95,0.99,4.418062461148886e-05,True
NFE2,RFX3-AS1,RFX3-AS1,ENSG00000232104,0.14023589501772066,0.14023589501772066,3.883903213679794e-07,1.0,1.0,0.27,0.91,0.97,4.4705770149040576e-05,True
GFI1B,DNMT1,DNMT1,ENSG00000130816,0.14012547103688713,0.14012547103688713,3.967178229009417e-07,1.0,1.0,0.32,0.73,0.91,4.543582759979519e-05,True
NFE2,FRMD4A,FRMD4A,ENSG00000151474,0.14012425627623257,0.14012425627623257,3.968103827874202e-07,1.0,1.0,0.19,0.9,0.98,4.543582759979519e-05,True
GFI1B,KLF13,KLF13,ENSG00000169926,0.14005431853193298,0.14005431853193298,4.0217459669315433e-07,1.0,1.0,0.35,0.78,0.91,4.592980903226781e-05,True
GATA1,ITSN1,ITSN1,ENSG00000205726,0.13980230938361338,0.13980230938361338,4.220893274528292e-07,1.0,1.0,0.66,0.92,0.96,4.7953732942303244e-05,True
NFE2,LPIN2,LPIN2,ENSG00000101577,-0.13970522838333332,0.13970522838333332,4.300118180562837e-07,0.0,1.0,0.14,0.89,0.96,4.872724591135194e-05,True
NFE2,CHST2,CHST2,ENSG00000175040,0.13954063569051736,0.13954063569051736,4.437722436978146e-07,1.0,1.0,0.24,0.95,0.97,4.995268864169582e-05,True
NFE2,NCEH1,NCEH1,ENSG00000144959,0.1393441629633259,0.1393441629633259,4.6075385472518085e-07,1.0,1.0,0.23,0.91,0.97,5.128084886941326e-05,True
NFE2,ASAP1,ASAP1,ENSG00000153317,0.1391203286100943,0.1391203286100943,4.808635162015031e-07,1.0,1.0,0.22,0.92,0.99,5.2846658790587304e-05,True
NFE2,IDS,IDS,ENSG00000010404,-0.13906891026097903,0.13906891026097903,4.85601053390307e-07,0.0,1.0,0.27,0.89,0.97,5.3233559085944936e-05,True
GATA1,SPTA1,SPTA1,ENSG00000163554,0.13895990954934384,0.13895990954934384,4.957932026770862e-07,1.0,1.0,0.66,0.95,0.98,5.40797872446278e-05,True
GATA1,CD36,CD36,ENSG00000135218,0.138914725381781,0.138914725381781,5.000783061539093e-07,1.0,1.0,0.78,0.96,1.0,5.441150525167163e-05,True
GFI1B,PARP1,PARP1,ENSG00000143799,0.13875120083927228,0.13875120083927228,5.158865590907049e-07,1.0,1.0,0.3,0.73,0.92,5.599225333654449e-05,True
NFE2,PABPC1,PABPC1,ENSG00000070756,0.13809514761872466,0.13809514761872466,5.842855132541707e-07,1.0,1.0,0.22,0.89,0.95,6.296340989576567e-05,True
NFE2,PPME1,PPME1,ENSG00000214517,0.13809380530594073,0.13809380530594073,5.844340287535633e-07,1.0,1.0,0.2,0.91,0.97,6.296340989576567e-05,True
GFI1B,ABCB10,ABCB10,ENSG00000135776,0.13805735313831727,0.13805735313831727,5.884810760024076e-07,1.0,1.0,0.31,0.8,0.92,6.311922077389812e-05,True
NFE2,TESC,TESC,ENSG00000088992,0.13792240778655623,0.13792240778655623,6.036993247387057e-07,1.0,1.0,0.2,0.89,0.98,6.43942283155925e-05,True
NFE2,FCHO2,FCHO2,ENSG00000157107,0.13791036163814302,0.13791036163814302,6.05076082252138e-07,1.0,1.0,0.3,0.9,0.97,6.43942283155925e-05,True
NFE2,H3F3A,H3F3A,ENSG00000163041,0.1378080776635861,0.1378080776635861,6.168885822245661e-07,1.0,1.0,0.16,0.87,0.99,6.533342999153152e-05,True
GFI1B,CLSPN,CLSPN,ENSG00000092853,0.13759765398518276,0.13759765398518276,6.418919465608252e-07,1.0,1.0,0.3,0.78,0.91,6.765386443992891e-05,True
GFI1B,PCNA,PCNA,ENSG00000132646,0.13757588736030957,0.13757588736030957,6.445333252340423e-07,1.0,1.0,0.22,0.78,0.92,6.776896068686782e-05,True
GFI1B,RPA3,RPA3,ENSG00000106399,0.13753205287131484,0.13753205287131484,6.498844259189149e-07,1.0,1.0,0.33,0.73,0.92,6.800465260692185e-05,True
TAL1,GPCPD1,GPCPD1,ENSG00000125772,0.13736519202766345,0.13736519202766345,6.706479074505786e-07,1.0,1.0,0.66,0.97,1.0,7.000987940784799e-05,True
GFI1B,RPL4,RPL4,ENSG00000174444,0.13734177546961157,0.13734177546961157,6.736123744392763e-07,1.0,1.0,0.24,0.83,0.97,7.015191728089034e-05,True
NFE2,PTMS,PTMS,ENSG00000159335,0.13723562622334254,0.13723562622334254,6.872094647200558e-07,1.0,1.0,0.24,0.93,1.0,7.13979619640267e-05,True
GATA1,MGST3,MGST3,ENSG00000143198,0.13700526926278314,0.13700526926278314,7.176313794440006e-07,1.0,1.0,0.55,0.93,0.97,7.403112390773724e-05,True
NFE2,TMEM86B,TMEM86B,ENSG00000180089,0.1368139522239483,0.1368139522239483,7.438788299788634e-07,1.0,1.0,0.22,0.87,0.95,7.649640607579625e-05,True
GFI1B,NEDD4,NEDD4,ENSG00000069869,0.13680573426704515,0.13680573426704515,7.450267258410883e-07,1.0,1.0,0.22,0.74,0.82,7.649640607579625e-05,True
NFE2,TMOD1,TMOD1,ENSG00000136842,0.1367512973627464,0.1367512973627464,7.526737033066007e-07,1.0,1.0,0.17,0.86,0.98,7.710058028719138e-05,True
NFE2,HADHA,HADHA,ENSG00000084754,0.13656424023129926,0.13656424023129926,7.795302408434708e-07,1.0,1.0,0.2,0.87,0.97,7.966507648246124e-05,True
GFI1B,FEN1,FEN1,ENSG00000168496,0.136513422998385,0.136513422998385,7.86984071285815e-07,1.0,1.0,0.26,0.8,0.93,7.988435060915199e-05,True
GFI1B,RPS16,RPS16,ENSG00000105193,0.13650929489189556,0.13650929489189556,7.875925809088929e-07,1.0,1.0,0.19,0.81,0.98,7.988435060915199e-05,True
GFI1B,RPL36A,RPL36A,ENSG00000241343,0.13649988575674724,0.13649988575674724,7.889812405842172e-07,1.0,1.0,0.2,0.8,0.96,7.988435060915199e-05,True
TAL1,TENT5C,TENT5C,ENSG00000183508,0.13645848096814608,0.13645848096814608,7.951200617699543e-07,1.0,1.0,0.65,0.94,0.98,8.031998037371316e-05,True
GFI1B,RPL5,RPL5,ENSG00000122406,0.13619593271015892,0.13619593271015892,8.351293764784682e-07,1.0,1.0,0.2,0.79,0.95,8.37810984568078e-05,True
KLF1,CLK3,CLK3,ENSG00000179335,0.13617040551483345,0.13617040551483345,8.391211271227331e-07,1.0,1.0,0.73,0.98,1.0,8.398892013809691e-05,True
TAL1,FOXO3,FOXO3,ENSG00000118689,0.13609829309689134,0.13609829309689134,8.504969286527217e-07,1.0,1.0,0.67,0.92,0.98,8.493318643668961e-05,True
NFE2,MORC3,MORC3,ENSG00000159256,0.1359914373935448,0.1359914373935448,8.676266904391917e-07,1.0,1.0,0.24,0.85,0.95,8.635547734236604e-05,True
GATA1,RPS19,RPS19,ENSG00000105372,0.1359848842992796,0.1359848842992796,8.686879293699374e-07,1.0,1.0,0.63,0.92,0.98,8.635547734236604e-05,True
GFI1B,DEK,DEK,ENSG00000124795,0.13592536959344595,0.13592536959344595,8.783833521697797e-07,1.0,1.0,0.24,0.79,0.93,8.712128758255366e-05,True
NFE2,CPLANE1,CPLANE1,ENSG00000197603,0.13590155003437768,0.13590155003437768,8.822928410688257e-07,1.0,1.0,0.14,0.84,0.97,8.731106078812317e-05,True
NFE2,MFHAS1,MFHAS1,ENSG00000147324,0.1358107279253725,0.1358107279253725,8.973535415551238e-07,1.0,1.0,0.18,0.88,0.97,8.84014502423899e-05,True
NFE2,RIPOR3,RIPOR3,ENSG00000042062,0.13577635692270493,0.13577635692270493,9.031174018364943e-07,1.0,1.0,0.21,0.87,0.96,8.846517546341774e-05,True
KLF1,SOX6,SOX6,ENSG00000110693,0.135595154654474,0.135595154654474,9.340976931603597e-07,1.0,1.0,0.67,0.93,0.96,9.039255110361534e-05,True
GATA1,RPSA,RPSA,ENSG00000168028,0.13555986515236068,0.13555986515236068,9.402489191943195e-07,1.0,1.0,0.6,0.92,1.0,9.064650766133011e-05,True
GFI1B,EXOC5,EXOC5,ENSG00000070367,0.13555633257309682,0.13555633257309682,9.408668147746656e-07,1.0,1.0,0.33,0.76,0.9,9.064650766133011e-05,True
GFI1B,HBA1,HBA1,ENSG00000206172,-0.13540388789431756,0.13540388789431756,9.67906622493365e-07,0.0,1.0,0.2,0.75,0.96,9.304667179749403e-05,True
NFE2,CYTOR,CYTOR,ENSG00000222041,0.13523680680426894,0.13523680680426894,9.984006248487139e-07,1.0,1.0,0.21,0.82,0.95,9.555808168683314e-05,True
GFI1B,LDHB,LDHB,ENSG00000111716,0.1351255141999015,0.1351255141999015,1.0192229678898646e-06,1.0,1.0,0.27,0.75,0.89,9.733801881114121e-05,True
GATA1,RFESD,RFESD,ENSG00000175449,0.13498198928501046,0.13498198928501046,1.0466928712805781e-06,1.0,1.0,0.56,0.9,0.97,9.931094618180583e-05,True
NFE2,AMMECR1,AMMECR1,ENSG00000101935,0.13483063103243126,0.13483063103243126,1.0764326559032407e-06,1.0,1.0,0.18,0.89,0.93,0.00010191161118876137,True
GFI1B,NFIA,NFIA,ENSG00000162599,0.13479163682977008,0.13479163682977008,1.0842250784311294e-06,1.0,1.0,0.23,0.78,0.95,0.00010242765643753261,True
GATA1,SNCA,SNCA,ENSG00000145335,0.1346911414313512,0.1346911414313512,1.1045583731761516e-06,1.0,1.0,0.53,0.93,0.98,0.00010367678807451689,True
KLF1,HECTD4,HECTD4,ENSG00000173064,0.13445389854976758,0.13445389854976758,1.154024170635915e-06,1.0,1.0,0.61,0.9,0.97,0.0001071749737843037,True
NFE2,H1F0,H1F0,ENSG00000189060,0.13443809288620037,0.13443809288620037,1.1573942635255642e-06,1.0,1.0,0.12,0.83,0.98,0.0001071749737843037,True
GFI1B,RPS2,RPS2,ENSG00000140988,0.13442575266368478,0.13442575266368478,1.1600320261875977e-06,1.0,1.0,0.2,0.73,0.92,0.0001071749737843037,True
NFE2,TADA3,TADA3,ENSG00000171148,0.13438657423502307,0.13438657423502307,1.1684448869026537e-06,1.0,1.0,0.24,0.89,0.98,0.00010736928435529847,True
NFE2,PRR5,PRR5,ENSG00000186654,0.1342859652715215,0.1342859652715215,1.1903183297801014e-06,1.0,1.0,0.19,0.87,0.95,0.00010849532573523163,True
GFI1B,RAF1,RAF1,ENSG00000132155,0.13428458625660958,0.13428458625660958,1.1906208585484953e-06,1.0,1.0,0.29,0.75,0.92,0.00010849532573523163,True
TAL1,CDC27,CDC27,ENSG00000004897,0.13425492295628202,0.13425492295628202,1.1971463215248376e-06,1.0,1.0,0.63,0.94,0.98,0.00010854543399651255,True
GATA1,STRN3,STRN3,ENSG00000196792,0.1342425462783144,0.1342425462783144,1.1998791469518009e-06,1.0,1.0,0.6,0.92,0.99,0.00010854543399651255,True
NFE2,CA8,CA8,ENSG00000178538,0.1342370387221671,0.1342370387221671,1.2010971663080035e-06,1.0,1.0,0.17,0.81,0.95,0.00010854543399651255,True
GFI1B,DAAM1,DAAM1,ENSG00000100592,0.13420326229876806,0.13420326229876806,1.2085929931953206e-06,1.0,1.0,0.26,0.81,0.93,0.00010899764437600684,True
NFE2,SLC22A23,SLC22A23,ENSG00000137266,0.13414543381302393,0.13414543381302393,1.2215310542256094e-06,1.0,1.0,0.14,0.87,0.95,0.00010993779488030485,True
KLF1,SPAG9,SPAG9,ENSG00000008294,-0.13407849457094445,0.13407849457094445,1.2366736903528958e-06,0.0,1.0,0.7,0.97,0.98,0.00011084448200007307,True
NFE2,TMEM131L,TMEM131L,ENSG00000121210,0.13402829434979266,0.13402829434979266,1.2481479016486527e-06,1.0,1.0,0.15,0.87,0.96,0.00011164414973029053,True
KLF1,CDC27,CDC27,ENSG00000004897,0.13399802112179648,0.13399802112179648,1.2551167928068414e-06,1.0,1.0,0.72,0.95,0.99,0.0001118536209890723,True
NFE2,TFR2,TFR2,ENSG00000106327,0.13396892672350036,0.13396892672350036,1.2618495388011638e-06,1.0,1.0,0.14,0.86,0.96,0.00011218150168122543,True
KLF1,FECH,FECH,ENSG00000066926,0.13382153646486142,0.13382153646486142,1.2964938177009635e-06,1.0,1.0,0.64,0.9,0.97,0.00011498344862325941,True
GFI1B,GYPC,GYPC,ENSG00000136732,0.1338003640013945,0.1338003640013945,1.3015448850006232e-06,1.0,1.0,0.16,0.85,0.95,0.00011498344862325941,True
NFE2,CPOX,CPOX,ENSG00000080819,0.13379059503991164,0.13379059503991164,1.3038818133776102e-06,1.0,1.0,0.21,0.86,0.96,0.00011498344862325941,True
NFE2,FAM117A,FAM117A,ENSG00000121104,0.13377192321667628,0.13377192321667628,1.3083597028578938e-06,1.0,1.0,0.19,0.89,0.96,0.00011514618390946533,True
GFI1B,MPC2,MPC2,ENSG00000143158,0.13369212574793402,0.13369212574793402,1.3276638315554154e-06,1.0,1.0,0.26,0.77,0.98,0.00011661047387998768,True
GATA1,HEMGN,HEMGN,ENSG00000136929,0.13356052726718387,0.13356052726718387,1.3600984720560385e-06,1.0,1.0,0.61,0.96,0.99,0.00011921985404354935,True
GATA1,OSBP2,OSBP2,ENSG00000184792,0.13335561649600747,0.13335561649600747,1.4121223249164546e-06,1.0,1.0,0.44,0.82,0.95,0.00012304029978455323,True
KLF1,AC107223.1,AC107223.1,ENSG00000251600,0.13332167679078163,0.13332167679078163,1.4209215838676576e-06,1.0,1.0,0.6,0.96,0.99,0.00012355267412260214,True
NFE2,AP2A1,AP2A1,ENSG00000196961,0.13331118549510823,0.13331118549510823,1.423652212112288e-06,1.0,1.0,0.16,0.87,0.97,0.00012355267412260214,True
GATA1,FECH,FECH,ENSG00000066926,0.13310566809411062,0.13310566809411062,1.478170927738617e-06,1.0,1.0,0.48,0.88,0.98,0.00012777706794325514,True
GATA1,TRIM10,TRIM10,ENSG00000204613,0.1330501012638898,0.1330501012638898,1.4932523854350327e-06,1.0,1.0,0.53,0.89,0.97,0.00012882615254226497,True
GFI1B,RPS7,RPS7,ENSG00000171863,0.1330229952761008,0.1330229952761008,1.5006627701861848e-06,1.0,1.0,0.18,0.73,0.9,0.00012921060938571598,True
GFI1B,RPS15,RPS15,ENSG00000115268,0.13300757587834142,0.13300757587834142,1.504893956001e-06,1.0,1.0,0.24,0.8,0.92,0.00012932035684770873,True
GFI1B,RPS3A,RPS3A,ENSG00000145425,0.1326885383557943,0.1326885383557943,1.5950547193794e-06,1.0,1.0,0.16,0.7,0.92,0.0001352087081892538,True
GFI1B,JAZF1,JAZF1,ENSG00000153814,0.1326511115829094,0.1326511115829094,1.6059653900916921e-06,1.0,1.0,0.23,0.78,0.93,0.00013560796556488536,True
NFE2,HECTD4,HECTD4,ENSG00000173064,0.1325635317211249,0.1325635317211249,1.6317774532204922e-06,1.0,1.0,0.18,0.88,0.95,0.00013665009288599668,True
GATA1,CREBRF,CREBRF,ENSG00000164463,-0.13250349583107487,0.13250349583107487,1.6497011984420366e-06,0.0,1.0,0.51,0.91,0.99,0.0001374587556545531,True
GFI1B,RBBP4,RBBP4,ENSG00000162521,0.13245976058058073,0.13245976058058073,1.6628772215369317e-06,1.0,1.0,0.23,0.74,0.88,0.00013801565402281858,True
GATA1,RHD,RHD,ENSG00000187010,0.13231991197821216,0.13231991197821216,1.705690567673603e-06,1.0,1.0,0.62,0.94,1.0,0.00014006166103593324,True
NFE2,SORBS1,SORBS1,ENSG00000095637,0.13231963452674037,0.13231963452674037,1.7057765493902941e-06,1.0,1.0,0.18,0.82,0.96,0.00014006166103593324,True
GFI1B,FAR1,FAR1,ENSG00000197601,0.1321231298965962,0.1321231298965962,1.7677294759881695e-06,1.0,1.0,0.24,0.7,0.85,0.00014425464044724352,True
TAL1,TSPAN5,TSPAN5,ENSG00000168785,0.1321126789338551,0.1321126789338551,1.7710841766422495e-06,1.0,1.0,0.69,0.92,0.96,0.00014425925863376535,True
TAL1,TMOD1,TMOD1,ENSG00000136842,0.13210002537442048,0.13210002537442048,1.7751540772755726e-06,1.0,1.0,0.57,0.88,0.98,0.0001443220062082408,True
GFI1B,GMPS,GMPS,ENSG00000163655,0.13191500463067304,0.13191500463067304,1.835699357479547e-06,1.0,1.0,0.28,0.76,0.92,0.00014819756859133412,True
NFE2,AP000787.1,AP000787.1,ENSG00000245552,0.1319129704317713,0.1319129704317713,1.836375907098836e-06,1.0,1.0,0.15,0.81,0.97,0.00014819756859133412,True
GATA1,JAZF1,JAZF1,ENSG00000153814,0.13185922473624256,0.13185922473624256,1.8543380024664765e-06,1.0,1.0,0.59,0.91,0.99,0.0001493715363312775,True
GATA1,SLC22A16,SLC22A16,ENSG00000004809,0.13176082045362084,0.13176082045362084,1.8876631306253073e-06,1.0,1.0,0.49,0.93,0.99,0.00015122048595888452,True
KLF1,SPTB,SPTB,ENSG00000070182,0.13155608147455763,0.13155608147455763,1.9588505418922705e-06,1.0,1.0,0.74,0.94,0.97,0.00015578204127703255,True
GFI1B,SYTL4,SYTL4,ENSG00000102362,0.1314656833916276,0.1314656833916276,1.991095180446706e-06,1.0,1.0,0.22,0.7,0.84,0.00015748734754564,True
GATA1,CCDC14,CCDC14,ENSG00000175455,0.1313152337317818,0.1313152337317818,2.0458921298276167e-06,1.0,1.0,0.5,0.93,0.97,0.00016065946455773783,True
KLF1,RABGAP1L,RABGAP1L,ENSG00000152061,0.13124797658429097,0.13124797658429097,2.070853924226103e-06,1.0,1.0,0.62,0.96,0.99,0.00016174848329580311,True
GFI1B,RPL27A,RPL27A,ENSG00000166441,0.13106733454377376,0.13106733454377376,2.139351997050488e-06,1.0,1.0,0.1,0.73,0.91,0.0001665109879901596,True
GFI1B,RPL19,RPL19,ENSG00000108298,0.13106710191831664,0.13106710191831664,2.1394415923747074e-06,1.0,1.0,0.14,0.7,0.91,0.0001665109879901596,True
NFE2,ARL15,ARL15,ENSG00000185305,0.13092371090866717,0.13092371090866717,2.1953587538290568e-06,1.0,1.0,0.15,0.89,0.96,0.0001702570778235513,True
GFI1B,NSD2,NSD2,ENSG00000109685,0.13083822705456724,0.13083822705456724,2.2293584291539542e-06,1.0,1.0,0.27,0.72,0.86,0.00017258785432069728,True
NFE2,SOD1,SOD1,ENSG00000142168,-0.13065185815802113,0.13065185815802113,2.305242820484035e-06,0.0,1.0,0.22,0.86,1.0,0.000177833017580197,True
TAL1,SLC4A1,SLC4A1,ENSG00000004939,0.1305718637809325,0.1305718637809325,2.3385687449597875e-06,1.0,1.0,0.58,0.94,0.99,0.00017882691766528164,True
NFE2,RHBDD1,RHBDD1,ENSG00000144468,0.13019722737506562,0.13019722737506562,2.500889282238694e-06,1.0,1.0,0.13,0.82,0.97,0.00018892728360124432,True
NFE2,CR1,CR1,ENSG00000203710,0.12996253906509656,0.12996253906509656,2.6080192804458103e-06,1.0,1.0,0.16,0.74,0.96,0.00019600474798402018,True
GATA1,RPS27,RPS27,ENSG00000177954,0.12990080355749048,0.12990080355749048,2.6369228685755242e-06,1.0,1.0,0.54,0.93,0.96,0.0001974982984100915,True
TAL1,RYBP,RYBP,ENSG00000163602,0.12965184066432842,0.12965184066432842,2.756630166777004e-06,1.0,1.0,0.59,0.89,0.95,0.00020538014178509304,True
GATA1,RPS4X,RPS4X,ENSG00000198034,0.12964307142911285,0.12964307142911285,2.760940177632252e-06,1.0,1.0,0.46,0.88,0.98,0.00020538014178509304,True
KLF1,TFRC,TFRC,ENSG00000072274,0.12962746641641681,0.12962746641641681,2.7686258988849794e-06,1.0,1.0,0.58,0.87,0.96,0.00020540873868358757,True
NFE2,PEAR1,PEAR1,ENSG00000187800,0.12943121097474758,0.12943121097474758,2.867052686696451e-06,1.0,1.0,0.17,0.77,0.97,0.00021111933420219322,True
GFI1B,UROD,UROD,ENSG00000126088,0.12915098241694187,0.12915098241694187,3.0134249996604985e-06,1.0,1.0,0.19,0.76,0.92,0.00022129288725349037,True
GATA1,PIGQ,PIGQ,ENSG00000007541,0.12882122919937475,0.12882122919937475,3.1948417056776754e-06,1.0,1.0,0.48,0.88,0.96,0.0002309791342253579,True
GATA1,RPS3,RPS3,ENSG00000149273,0.12872559658425217,0.12872559658425217,3.249382545211404e-06,1.0,1.0,0.48,0.91,0.99,0.0002345346411345657,True
NFE2,USP24,USP24,ENSG00000162402,0.12860526392475094,0.12860526392475094,3.3192783085120558e-06,1.0,1.0,0.1,0.84,0.97,0.00023800857903986445,True
GATA1,RHAG,RHAG,ENSG00000112077,0.12823693743089892,0.12823693743089892,3.5422862639960313e-06,1.0,1.0,0.51,0.87,0.95,0.00025206153895026775,True
KLF1,MARK3,MARK3,ENSG00000075413,0.12823575666762788,0.12823575666762788,3.5430237282522247e-06,1.0,1.0,0.58,0.97,0.98,0.00025206153895026775,True
NFE2,RAP1GAP,RAP1GAP,ENSG00000076864,0.1277071480286655,0.1277071480286655,3.888368074522737e-06,1.0,1.0,0.14,0.81,0.93,0.00027212355132739924,True
GFI1B,UBR2,UBR2,ENSG00000024048,-0.12767818630001004,0.12767818630001004,3.908191666212666e-06,0.0,1.0,0.17,0.71,0.93,0.00027305559999277185,True
KLF1,KLF13,KLF13,ENSG00000169926,0.1276124752664862,0.1276124752664862,3.953528693562132e-06,1.0,1.0,0.6,0.94,0.99,0.000274924236973621,True
GFI1B,RESF1,RESF1,ENSG00000174718,0.12742117871353403,0.12742117871353403,4.088397231768394e-06,1.0,1.0,0.24,0.72,0.85,0.000280292311782993,True
NFE2,HAGH,HAGH,ENSG00000063854,0.1272087367768383,0.1272087367768383,4.243333300929032e-06,1.0,1.0,0.15,0.74,0.93,0.00028999169848775653,True
TAL1,ALAS2,ALAS2,ENSG00000158578,0.1267968907058301,0.1267968907058301,4.559850290026852e-06,1.0,1.0,0.59,0.88,0.95,0.00030731564204279584,True
NFE2,DCAF11,DCAF11,ENSG00000100897,0.12678695714284077,0.12678695714284077,4.567756763671114e-06,1.0,1.0,0.08,0.84,0.96,0.0003073748936045762,True
NFE2,FNBP1L,FNBP1L,ENSG00000137942,0.12649374730784282,0.12649374730784282,4.80713002821305e-06,1.0,1.0,0.11,0.71,0.91,0.00032052418816164456,True
GATA1,PIP5K1B,PIP5K1B,ENSG00000107242,0.12646440847426482,0.12646440847426482,4.8317317445568935e-06,1.0,1.0,0.44,0.9,0.94,0.00032118532903787007,True
GATA1,RPL35,RPL35,ENSG00000136942,0.12645070712207657,0.12645070712207657,4.8432620607276766e-06,1.0,1.0,0.46,0.94,0.98,0.0003214632511930631,True
NFE2,PHLPP2,PHLPP2,ENSG00000040199,0.1262975573627285,0.1262975573627285,4.973949206272806e-06,1.0,1.0,0.13,0.82,0.94,0.0003291384845421672,True
NFE2,OXCT1,OXCT1,ENSG00000083720,-0.1261510656474053,0.1261510656474053,5.10210647264389e-06,0.0,1.0,0.12,0.84,0.96,0.00033558817611044177,True
NFE2,SLC6A9,SLC6A9,ENSG00000196517,0.1259890614579883,0.1259890614579883,5.2475113530750684e-06,1.0,1.0,0.11,0.81,0.96,0.000341668878471883,True
GATA1,EEF1D,EEF1D,ENSG00000104529,0.12567394341099553,0.12567394341099553,5.541771573035609e-06,1.0,1.0,0.39,0.9,0.94,0.0003565258890548041,True
NFE2,RFC3,RFC3,ENSG00000133119,-0.12567297696244228,0.12567297696244228,5.5426978636777965e-06,0.0,1.0,0.06,0.77,0.93,0.0003565258890548041,True
NFE2,CDYL,CDYL,ENSG00000153046,0.12561358051088728,0.12561358051088728,5.599911280974085e-06,1.0,1.0,0.06,0.73,0.9,0.00035967712104230024,True
KLF1,CD36,CD36,ENSG00000135218,0.1252521874739709,0.1252521874739709,5.96038137783207e-06,1.0,1.0,0.55,0.94,0.99,0.00037908126535010086,True
KLF1,UROD,UROD,ENSG00000126088,0.12516191760476827,0.12516191760476827,6.05382416765521e-06,1.0,1.0,0.63,0.93,0.97,0.0003837598102800564,True
TAL1,KLF3,KLF3,ENSG00000109787,0.12497083420475562,0.12497083420475562,6.256264581930108e-06,1.0,1.0,0.49,0.85,0.92,0.000392609774481525,True
GATA1,RPS8,RPS8,ENSG00000142937,0.12483621245180598,0.12483621245180598,6.402755252418459e-06,1.0,1.0,0.47,0.89,0.94,0.00039894090418915007,True
KLF1,UBR4,UBR4,ENSG00000127481,-0.1247701033380885,0.1247701033380885,6.4758874845394575e-06,0.0,1.0,0.52,0.87,0.95,0.00040235130479226685,True
NFE2,CLEC2B,CLEC2B,ENSG00000110852,-0.1247446809865112,0.1247446809865112,6.504222537449181e-06,0.0,1.0,0.12,0.86,0.93,0.0004029669883683104,True
NFE2,FAM20B,FAM20B,ENSG00000116199,0.12459543224360432,0.12459543224360432,6.672975543488346e-06,1.0,1.0,0.11,0.71,0.89,0.0004122541670511021,True
TAL1,UBE2H,UBE2H,ENSG00000186591,0.12443243128130906,0.12443243128130906,6.862055471974145e-06,1.0,1.0,0.53,0.89,0.99,0.0004216485405475117,True
NFE2,BRAF,BRAF,ENSG00000157764,0.12439884083691345,0.12439884083691345,6.901651196506971e-06,1.0,1.0,0.13,0.79,0.95,0.0004233916175809466,True
NFE2,TXNRD2,TXNRD2,ENSG00000184470,0.12428005177559141,0.12428005177559141,7.04343554039281e-06,1.0,1.0,0.05,0.78,0.94,0.00043027914879438756,True
NFE2,ASPH,ASPH,ENSG00000198363,-0.12422713799355638,0.12422713799355638,7.107484358268036e-06,0.0,1.0,0.06,0.77,0.96,0.00043248476816604663,True
TAL1,MALAT1,MALAT1,ENSG00000251562,0.12422572425518712,0.12422572425518712,7.109203207850652e-06,1.0,1.0,0.54,0.88,0.98,0.00043248476816604663,True
GATA1,SLC11A2,SLC11A2,ENSG00000110911,0.12418365077654575,0.12418365077654575,7.160539072140835e-06,1.0,1.0,0.47,0.86,0.94,0.00043379775486903065,True
TAL1,NEAT1,NEAT1,ENSG00000245532,0.12407959983720514,0.12407959983720514,7.289021785377749e-06,1.0,1.0,0.48,0.83,0.94,0.0004397542246792038,True
NFE2,UBAC1,UBAC1,ENSG00000130560,0.12391628407113223,0.12391628407113223,7.495135868163966e-06,1.0,1.0,0.14,0.71,0.85,0.00044970815208983795,True
NFE2,HIST1H1C,HIST1H1C,ENSG00000187837,-0.12338861468850008,0.12338861468850008,8.19981378290771e-06,0.0,1.0,0.16,0.7,0.9,0.0004814226239790379,True
TAL1,DDX5,DDX5,ENSG00000108654,0.12295490301686168,0.12295490301686168,8.82594897084236e-06,1.0,1.0,0.55,0.84,0.95,0.0005119986843297676,True
KLF1,MAFF,MAFF,ENSG00000185022,-0.1229414773746653,0.1229414773746653,8.846041225001008e-06,0.0,1.0,0.42,0.84,0.95,0.0005124845605053563,True
NFE2,SRSF2,SRSF2,ENSG00000161547,-0.12262045015662679,0.12262045015662679,9.339685349106529e-06,0.0,1.0,0.09,0.75,0.9,0.0005375234699604204,True
KLF1,TESC,TESC,ENSG00000088992,0.12259157715201965,0.12259157715201965,9.385349480348907e-06,1.0,1.0,0.55,0.89,0.96,0.0005379145916517196,True
GATA1,DIPK2A,DIPK2A,ENSG00000181744,-0.12259089766167695,0.12259089766167695,9.386426690702463e-06,0.0,1.0,0.37,0.9,0.96,0.0005379145916517196,True
NFE2,CTSL,CTSL,ENSG00000135047,0.12256260264489655,0.12256260264489655,9.431388271231813e-06,1.0,1.0,0.1,0.71,0.93,0.0005392534940963131,True
NFE2,CITED2,CITED2,ENSG00000164442,-0.12232784412910379,0.12232784412910379,9.81243443630427e-06,0.0,1.0,0.11,0.73,0.94,0.0005574298931443636,True
KLF1,RBM38,RBM38,ENSG00000132819,0.1222076109319884,0.1222076109319884,1.0013233881070122e-05,1.0,1.0,0.41,0.88,0.95,0.0005651339999458156,True
NFE2,MGST3,MGST3,ENSG00000143198,0.12215666177196546,0.12215666177196546,1.0099500486409905e-05,1.0,1.0,0.13,0.77,0.91,0.0005685355872272449,True
TAL1,SPTA1,SPTA1,ENSG00000163554,0.1219701850093225,0.1219701850093225,1.0421326863792252e-05,1.0,1.0,0.48,0.84,0.93,0.0005829013261154387,True
KLF1,SLC6A9,SLC6A9,ENSG00000196517,0.12192608321008003,0.12192608321008003,1.0498856745467666e-05,1.0,1.0,0.34,0.93,0.97,0.0005862098167144252,True
GATA1,RPL19,RPL19,ENSG00000108298,0.12185996078204923,0.12185996078204923,1.0616129926452238e-05,1.0,1.0,0.43,0.89,0.93,0.0005900248068399249,True
TAL1,RAPGEF2,RAPGEF2,ENSG00000109756,0.12170023378205701,0.12170023378205701,1.090459416356782e-05,1.0,1.0,0.51,0.86,0.92,0.0006029923498286427,True
GATA1,RPS9,RPS9,ENSG00000170889,0.12152694766910718,0.12152694766910718,1.1225994989505406e-05,1.0,1.0,0.31,0.85,0.98,0.0006168656040715659,True
KLF1,SLC6A19,SLC6A19,ENSG00000174358,0.1215074839764827,0.1215074839764827,1.1262654228678678e-05,1.0,1.0,0.49,0.95,0.99,0.0006176496637025028,True
TAL1,ZBTB7A,ZBTB7A,ENSG00000178951,0.12149868755875563,0.12149868755875563,1.12792594253417e-05,1.0,1.0,0.49,0.87,0.92,0.0006176496637025028,True
TAL1,CAT,CAT,ENSG00000121691,0.12147328958762356,0.12147328958762356,1.1327334858307878e-05,1.0,1.0,0.41,0.84,0.93,0.000618803220129442,True
TAL1,COX7B,COX7B,ENSG00000131174,-0.12128432766509074,0.12128432766509074,1.1691202276491957e-05,0.0,1.0,0.41,0.84,0.96,0.0006344580490989555,True
NFE2,CD2AP,CD2AP,ENSG00000198087,0.12113871010623539,0.12113871010623539,1.1979179942703202e-05,1.0,1.0,0.03,0.76,0.91,0.0006492804593480026,True
NFE2,SLC11A2,SLC11A2,ENSG00000110911,0.12108328721383174,0.12108328721383174,1.209055247924533e-05,1.0,1.0,0.04,0.72,0.91,0.0006529496646674118,True
NFE2,PPOX,PPOX,ENSG00000143224,0.12105326417933306,0.12105326417933306,1.2151295360849383e-05,1.0,1.0,0.1,0.74,0.92,0.0006553608620019137,True
NFE2,WRN,WRN,ENSG00000165392,0.12092344715913456,0.12092344715913456,1.241730672427486e-05,1.0,1.0,0.05,0.71,0.87,0.0006664208541347023,True
GATA1,RPL3,RPL3,ENSG00000100316,0.12084200274229696,0.12084200274229696,1.2587020308254053e-05,1.0,1.0,0.4,0.9,0.98,0.0006747013091703826,True
NFE2,SPECC1,SPECC1,ENSG00000128487,0.12079405827477337,0.12079405827477337,1.2687958195602696e-05,1.0,1.0,0.07,0.73,0.89,0.0006784490115839388,True
NFE2,SPAG9,SPAG9,ENSG00000008294,-0.12068227431348712,0.12068227431348712,1.2926302535110754e-05,0.0,1.0,0.07,0.72,0.92,0.0006866239872755131,True
GATA1,RPLP0,RPLP0,ENSG00000089157,0.12057971233282878,0.12057971233282878,1.3148732195193551e-05,1.0,1.0,0.31,0.9,0.95,0.0006962779009900313,True
TAL1,TOP1,TOP1,ENSG00000198900,0.12051371519274467,0.12051371519274467,1.3293785955214815e-05,1.0,1.0,0.38,0.83,0.95,0.0007022586928515652,True
NFE2,SAMD9L,SAMD9L,ENSG00000177409,0.12040160124796619,0.12040160124796619,1.3543700431533214e-05,1.0,1.0,0.12,0.73,0.93,0.0007122133826480952,True
NFE2,SWT1,SWT1,ENSG00000116668,0.1203999741394385,0.1203999741394385,1.354736018205796e-05,1.0,1.0,0.08,0.75,0.87,0.0007122133826480952,True
GATA1,PSMC5,PSMC5,ENSG00000087191,0.12038614100965211,0.12038614100965211,1.3578512231130351e-05,1.0,1.0,0.44,0.82,0.91,0.0007129941476466285,True
NFE2,EEF1D,EEF1D,ENSG00000104529,0.12030462153820248,0.12030462153820248,1.3763483926973264e-05,1.0,1.0,0.13,0.74,0.93,0.0007186956900884839,True
KLF1,EIF2AK1,EIF2AK1,ENSG00000086232,0.12019178384581253,0.12019178384581253,1.4023483119239646e-05,1.0,1.0,0.54,0.86,0.97,0.0007302227995661216,True
KLF1,SEC62,SEC62,ENSG00000008952,0.12015424345930384,0.12015424345930384,1.4111015674070082e-05,1.0,1.0,0.5,0.86,0.93,0.0007339070458785081,True
NFE2,AC100835.2,AC100835.2,ENSG00000275527,0.12005799789763379,0.12005799789763379,1.4337814566733755e-05,1.0,1.0,0.06,0.76,0.97,0.0007430521435413915,True
TAL1,GMPR,GMPR,ENSG00000137198,0.12000676018778855,0.12000676018778855,1.4459966286493384e-05,1.0,1.0,0.35,0.8,0.91,0.0007458477893528546,True
TAL1,SLC7A5,SLC7A5,ENSG00000103257,0.11994560502063532,0.11994560502063532,1.4607059190259286e-05,1.0,1.0,0.41,0.85,0.93,0.0007516620811552248,True
KLF1,RHAG,RHAG,ENSG00000112077,0.11980752144871591,0.11980752144871591,1.4944443008263897e-05,1.0,1.0,0.47,0.83,0.94,0.0007609630741617732,True
TAL1,NATD1,NATD1,ENSG00000274180,0.11976317590623904,0.11976317590623904,1.5054359244103415e-05,1.0,1.0,0.38,0.75,0.91,0.0007647824312858112,True
GATA1,ALAD,ALAD,ENSG00000148218,0.11974070868742533,0.11974070868742533,1.5110340617341211e-05,1.0,1.0,0.35,0.83,0.92,0.0007667358452465251,True
GATA1,H3F3A,H3F3A,ENSG00000163041,0.11973143828510856,0.11973143828510856,1.5133497328307885e-05,1.0,1.0,0.39,0.85,0.96,0.000767021058099869,True
NFE2,RABGAP1L,RABGAP1L,ENSG00000152061,0.11964717237307369,0.11964717237307369,1.5345542195200842e-05,1.0,1.0,0.09,0.75,0.93,0.0007750739210370494,True
GATA1,SLC25A37,SLC25A37,ENSG00000147454,0.11940426819165938,0.11940426819165938,1.5972728489527015e-05,1.0,1.0,0.34,0.82,0.95,0.0008039667941679076,True
NFE2,BTK,BTK,ENSG00000010671,0.11917794259028382,0.11917794259028382,1.657901196577337e-05,1.0,1.0,0.05,0.76,0.92,0.0008297093631383607,True
TAL1,ZNF451,ZNF451,ENSG00000112200,0.11912517300221555,0.11912517300221555,1.67234884578109e-05,1.0,1.0,0.54,0.87,0.95,0.00083598329730817,True
NFE2,PHKB,PHKB,ENSG00000102893,0.11873400818220553,0.11873400818220553,1.783243395927012e-05,1.0,1.0,0.13,0.77,0.96,0.0008863530242937216,True
GATA1,IQSEC1,IQSEC1,ENSG00000144711,0.11848151222169986,0.11848151222169986,1.8585047963653756e-05,1.0,1.0,0.37,0.81,0.92,0.0009214237525030424,True
NFE2,SLC36A1,SLC36A1,ENSG00000123643,0.11838299056473815,0.11838299056473815,1.888682952817481e-05,1.0,1.0,0.02,0.74,0.97,0.0009316038660335046,True
GATA1,GYPA,GYPA,ENSG00000170180,0.11831071890184269,0.11831071890184269,1.9111162979161847e-05,1.0,1.0,0.26,0.74,0.91,0.00094135390620331,True
TAL1,EPB42,EPB42,ENSG00000166947,0.11816049778402857,0.11816049778402857,1.9585590841306537e-05,1.0,1.0,0.38,0.84,0.97,0.0009605410698540555,True
GATA1,RPL36A,RPL36A,ENSG00000241343,0.1181595755975546,0.1181595755975546,1.9588537592817043e-05,1.0,1.0,0.35,0.88,0.92,0.0009605410698540555,True
TAL1,RIOK3,RIOK3,ENSG00000101782,0.11789819297897432,0.11789819297897432,2.0440977051163406e-05,1.0,1.0,0.43,0.83,0.93,0.000994536525270175,True
NFE2,ABCB10,ABCB10,ENSG00000135776,0.11784792306720834,0.11784792306720834,2.060891577399626e-05,1.0,1.0,0.04,0.7,0.93,0.0010015933066162182,True
NFE2,ART4,ART4,ENSG00000111339,0.11774757545767887,0.11774757545767887,2.0948083070332436e-05,1.0,1.0,0.09,0.7,0.87,0.0010140135817028179,True
TAL1,HECTD4,HECTD4,ENSG00000173064,0.11774233510062378,0.11774233510062378,2.0965940122083402e-05,1.0,1.0,0.35,0.89,0.97,0.0010140135817028179,True
TAL1,VPS13B,VPS13B,ENSG00000132549,0.11739171244685354,0.11739171244685354,2.2194165444712856e-05,1.0,1.0,0.41,0.88,0.96,0.0010597956294232972,True
GATA1,RPL18A,RPL18A,ENSG00000105640,0.11725956081185411,0.11725956081185411,2.2674600911751355e-05,1.0,1.0,0.46,0.83,0.93,0.0010758789916487604,True
KLF1,STX2,STX2,ENSG00000111450,0.11725479815538215,0.11725479815538215,2.2692098715866464e-05,1.0,1.0,0.45,0.86,0.96,0.0010758789916487604,True
GATA1,NCEH1,NCEH1,ENSG00000144959,0.11712336418048001,0.11712336418048001,2.318007758627493e-05,1.0,1.0,0.31,0.73,0.93,0.0010937395831970502,True
NFE2,GAB1,GAB1,ENSG00000109458,0.11704762639377585,0.11704762639377585,2.3465784286879516e-05,1.0,1.0,0.06,0.74,0.93,0.0011048368188461895,True
NFE2,WNK1,WNK1,ENSG00000060237,0.11659836710552482,0.11659836710552482,2.523055875706063e-05,1.0,1.0,0.07,0.71,0.87,0.0011702912407569798,True
KLF1,PIM3,PIM3,ENSG00000198355,-0.11658076381758618,0.11658076381758618,2.5302212413886227e-05,0.0,1.0,0.38,0.82,0.92,0.0011723715794315502,True
KLF1,AHSP,AHSP,ENSG00000169877,0.11653608844303223,0.11653608844303223,2.5484931174950368e-05,1.0,1.0,0.4,0.86,0.94,0.0011783413209221236,True
TAL1,CHD2,CHD2,ENSG00000173575,0.11629602548799989,0.11629602548799989,2.6488431880678926e-05,1.0,1.0,0.39,0.78,0.94,0.001215743977398632,True
KLF1,USP24,USP24,ENSG00000162402,0.11604452276794074,0.11604452276794074,2.7579955297709188e-05,1.0,1.0,0.41,0.88,0.98,0.0012566117132518748,True
KLF1,RBCK1,RBCK1,ENSG00000125826,-0.11598040344689572,0.11598040344689572,2.786499165120718e-05,0.0,1.0,0.52,0.88,0.94,0.0012669591838085261,True
GATA1,CAT,CAT,ENSG00000121691,0.11581662011313018,0.11581662011313018,2.860582850800305e-05,1.0,1.0,0.35,0.74,0.88,0.0012925815484917907,True
GATA1,RPLP1,RPLP1,ENSG00000137818,0.11566516757917372,0.11566516757917372,2.9307500950382897e-05,1.0,1.0,0.29,0.84,0.97,0.0013165100276841565,True
TAL1,FBXO11,FBXO11,ENSG00000138081,0.11566335952290975,0.11566335952290975,2.9315975467863937e-05,1.0,1.0,0.45,0.8,0.9,0.0013165100276841565,True
GATA1,RPL18,RPL18,ENSG00000063177,0.11561572749698967,0.11561572749698967,2.954007072674808e-05,1.0,1.0,0.34,0.86,0.95,0.0013252130190645754,True
GATA1,RPS15A,RPS15A,ENSG00000134419,0.11536320075264321,0.11536320075264321,3.075556096316104e-05,1.0,1.0,0.2,0.77,0.99,0.0013685129567941648,True
GATA1,AGPAT4,AGPAT4,ENSG00000026652,0.1151357143266277,0.1151357143266277,3.189103631068068e-05,1.0,1.0,0.28,0.72,0.89,0.0014080546021061444,True
KLF1,SLC35F6,SLC35F6,ENSG00000213699,-0.11502464928357908,0.11502464928357908,3.2459752509616464e-05,0.0,1.0,0.36,0.77,0.87,0.001428359733169642,True
GATA1,RPS15,RPS15,ENSG00000115268,0.11488355993647224,0.11488355993647224,3.319609563998207e-05,1.0,1.0,0.25,0.81,0.91,0.0014541075270384147,True
TAL1,MARCH8,MARCH8,ENSG00000165406,0.11487177925941426,0.11487177925941426,3.325829053105055e-05,1.0,1.0,0.37,0.79,0.88,0.0014547176278281511,True
TAL1,GALNT5,GALNT5,ENSG00000136542,0.11480719959081345,0.11480719959081345,3.360120132645467e-05,1.0,1.0,0.28,0.77,0.86,0.0014669148655988434,True
KLF1,ABCB10,ABCB10,ENSG00000135776,0.11468295194189444,0.11468295194189444,3.4270399358058445e-05,1.0,1.0,0.45,0.91,0.98,0.0014900469860054438,True
TAL1,MOB1B,MOB1B,ENSG00000173542,0.11466386872982025,0.11466386872982025,3.437429496624036e-05,1.0,1.0,0.4,0.81,0.9,0.001491598870856501,True
NFE2,ST3GAL2,ST3GAL2,ENSG00000157350,0.11462470677922983,0.11462470677922983,3.458844269814505e-05,1.0,1.0,0.01,0.72,0.87,0.0014979192907097667,True
GATA1,RPS18,RPS18,ENSG00000231500,0.11446843515980792,0.11446843515980792,3.5455643564925444e-05,1.0,1.0,0.27,0.77,0.93,0.0015309277882821707,True
NFE2,BCL2L1,BCL2L1,ENSG00000171552,0.11435653066236903,0.11435653066236903,3.608926577905345e-05,1.0,1.0,0.06,0.73,0.91,0.0015491113691617252,True
GATA1,NFE2,NFE2,ENSG00000123405,0.11307765712896943,0.11307765712896943,4.4136052973824335e-05,1.0,1.0,0.25,0.71,0.88,0.001810985888438158,True
GATA1,SLC4A1,SLC4A1,ENSG00000004939,0.11279423907986806,0.11279423907986806,4.6136230953534854e-05,1.0,1.0,0.34,0.82,0.91,0.0018772081320070832,True
KLF1,SELENBP1,SELENBP1,ENSG00000143416,0.11267728545374567,0.11267728545374567,4.69863849918828e-05,0.99,0.99,0.34,0.81,0.91,0.0019029485921712534,True
KLF1,JAK1,JAK1,ENSG00000162434,-0.11251849364569382,0.11251849364569382,4.816443825109433e-05,0.0,1.0,0.41,0.82,0.92,0.0019363166627783693,True
KLF1,MKNK2,MKNK2,ENSG00000099875,0.11233900492823083,0.11233900492823083,4.952970262023002e-05,1.0,1.0,0.4,0.84,0.91,0.0019834705455996707,True
GATA1,RPS2,RPS2,ENSG00000140988,0.1122164979876299,0.1122164979876299,5.048249280321688e-05,1.0,1.0,0.22,0.78,0.9,0.0020067250135466052,True
GATA1,COMMD3,COMMD3,ENSG00000148444,0.11221591962443116,0.11221591962443116,5.048703186826304e-05,1.0,1.0,0.26,0.7,0.91,0.0020067250135466052,True
TAL1,MARCH3,MARCH3,ENSG00000173926,0.11215211698089778,0.11215211698089778,5.0990142073586814e-05,1.0,1.0,0.34,0.77,0.91,0.002015186521328498,True
GATA1,CMAS,CMAS,ENSG00000111726,0.11210050073174578,0.11210050073174578,5.140062671105953e-05,1.0,1.0,0.26,0.71,0.83,0.0020254625336412107,True
TAL1,NUTM2A-AS1,NUTM2A-AS1,ENSG00000223482,0.11189036825451716,0.11189036825451716,5.3104243821090005e-05,1.0,1.0,0.32,0.7,0.85,0.0020720603253652783,True
GATA1,TLN1,TLN1,ENSG00000137076,0.11188420215739343,0.11188420215739343,5.315503264923925e-05,1.0,1.0,0.31,0.72,0.9,0.002072193518785851,True
TAL1,STX2,STX2,ENSG00000111450,0.11165421860498294,0.11165421860498294,5.5082531158011216e-05,1.0,1.0,0.28,0.77,0.93,0.0021227400113228287,True
TAL1,TASOR2,TASOR2,ENSG00000108021,0.11149085585662317,0.11149085585662317,5.649165365300135e-05,1.0,1.0,0.36,0.79,0.9,0.002163699589126339,True
GATA1,NT5C2,NT5C2,ENSG00000076685,-0.11131825568074057,0.11131825568074057,5.801747418495765e-05,0.0,1.0,0.24,0.71,0.83,0.002208602542080111,True
GATA1,XPO7,XPO7,ENSG00000130227,-0.11125560702970229,0.11125560702970229,5.8580882093952174e-05,0.0,1.0,0.25,0.72,0.92,0.0022281111154691027,True
GATA1,RPL10,RPL10,ENSG00000147403,0.11108097381647844,0.11108097381647844,6.017882867901363e-05,1.0,1.0,0.28,0.81,0.93,0.0022869000577063914,True
TAL1,KIAA0232,KIAA0232,ENSG00000170871,0.11087965998536974,0.11087965998536974,6.207205211559066e-05,1.0,1.0,0.28,0.81,0.86,0.002354218734234594,True
GATA1,ANKH,ANKH,ENSG00000154122,0.11071162419105306,0.11071162419105306,6.369530497302347e-05,1.0,1.0,0.25,0.73,0.9,0.002392953941992319,True
GATA1,TRNAU1AP,TRNAU1AP,ENSG00000180098,0.11065310696311828,0.11065310696311828,6.426995283318311e-05,1.0,1.0,0.22,0.72,0.84,0.0024065202051641987,True
KLF1,NSUN3,NSUN3,ENSG00000178694,-0.11064277321285337,0.11064277321285337,6.437193964430984e-05,0.0,1.0,0.36,0.77,0.9,0.0024065202051641987,True
GATA1,ALAS2,ALAS2,ENSG00000158578,0.11061828011373025,0.11061828011373025,6.461428066963487e-05,1.0,1.0,0.25,0.72,0.89,0.002411457880964018,True
KLF1,UBE2V1,UBE2V1,ENSG00000244687,0.11057116033536636,0.11057116033536636,6.508292365357008e-05,1.0,1.0,0.27,0.81,0.95,0.0024227464515805576,True
GATA1,EEF1G,EEF1G,ENSG00000254772,0.1105104719141145,0.1105104719141145,6.569125294621098e-05,1.0,1.0,0.25,0.74,0.88,0.0024412365368455973,True
TAL1,BCL2L1,BCL2L1,ENSG00000171552,0.11048836746204277,0.11048836746204277,6.591415621410038e-05,1.0,1.0,0.32,0.76,0.92,0.0024474407409208407,True
KLF1,TBC1D15,TBC1D15,ENSG00000121749,-0.11044046611604753,0.11044046611604753,6.639965356662274e-05,0.0,1.0,0.29,0.75,0.9,0.002461288853393287,True
KLF1,COCH,COCH,ENSG00000100473,-0.11036366474621472,0.11036366474621472,6.718512388534557e-05,0.0,1.0,0.35,0.78,0.96,0.002486190624995783,True
KLF1,NEAT1,NEAT1,ENSG00000245532,-0.1102010113050625,0.1102010113050625,6.887771838652626e-05,0.0,1.0,0.36,0.73,0.89,0.0025359523587766488,True
GATA1,CPOX,CPOX,ENSG00000080819,0.10997607256122584,0.10997607256122584,7.128495878210989e-05,1.0,1.0,0.27,0.78,0.9,0.0026070268370647883,True
TAL1,ACSM3,ACSM3,ENSG00000005187,-0.10959493245596852,0.10959493245596852,7.554622844726276e-05,0.0,1.0,0.24,0.86,0.97,0.0027263960662403243,True
TAL1,NCOA4,NCOA4,ENSG00000266412,0.10954028379347347,0.10954028379347347,7.617658770845274e-05,1.0,1.0,0.33,0.74,0.89,0.002744616100797136,True
GATA1,EPOR,EPOR,ENSG00000187266,0.10938346291764167,0.10938346291764167,7.801317469538359e-05,1.0,1.0,0.25,0.72,0.9,0.0028015568646765836,True
KLF1,MAP1LC3B,MAP1LC3B,ENSG00000140941,-0.10935596865774222,0.10935596865774222,7.833944770437593e-05,0.0,1.0,0.34,0.74,0.86,0.0028086618381880355,True
KLF1,RFESD,RFESD,ENSG00000175449,0.10916722717804998,0.10916722717804998,8.061426269180988e-05,1.0,1.0,0.32,0.77,0.96,0.002871390757442805,True
TAL1,HNRNPUL1,HNRNPUL1,ENSG00000105323,0.10910686152140946,0.10910686152140946,8.135488932841955e-05,1.0,1.0,0.29,0.74,0.88,0.002886020161577511,True
GATA1,RPL8,RPL8,ENSG00000161016,0.10894795293849097,0.10894795293849097,8.333537335108144e-05,1.0,1.0,0.23,0.72,0.93,0.002944337019690067,True
GATA1,UROD,UROD,ENSG00000126088,0.10857281599015817,0.10857281599015817,8.819276352097893e-05,1.0,1.0,0.24,0.7,0.87,0.0030737461963407315,True
TAL1,GATA2-AS1,GATA2-AS1,ENSG00000244300,0.10849431873258944,0.10849431873258944,8.924241827455923e-05,1.0,1.0,0.29,0.81,0.94,0.003102912063059794,True
KLF1,MORC3,MORC3,ENSG00000159256,0.10801310261525222,0.10801310261525222,9.593929255490771e-05,1.0,1.0,0.28,0.78,0.93,0.0032968038901547364,True
KLF1,SLC2A4,SLC2A4,ENSG00000181856,0.10797400003444307,0.10797400003444307,9.65037960637109e-05,0.99,0.99,0.3,0.71,0.89,0.0033132464990790543,True
TAL1,EP300,EP300,ENSG00000100393,0.10745147290584893,0.10745147290584893,0.00010435426163019122,1.0,1.0,0.32,0.8,0.92,0.003535596749577509,True
TAL1,CPEB4,CPEB4,ENSG00000113742,0.107258948370654,0.107258948370654,0.00010739562825390263,1.0,1.0,0.26,0.72,0.88,0.003605130299175519,True
KLF1,COMT,COMT,ENSG00000093010,0.10686961131276607,0.10686961131276607,0.00011380318225554226,1.0,1.0,0.3,0.84,0.97,0.003771023630195014,True
KLF1,WDR74,WDR74,ENSG00000133316,-0.10678123779219044,0.10678123779219044,0.000115306925286607,0.0,1.0,0.36,0.76,0.87,0.0038035632820785747,True
GATA1,FAM117A,FAM117A,ENSG00000121104,0.10673859816998647,0.10673859816998647,0.00011603914707200104,1.0,1.0,0.19,0.72,0.88,0.0038190762174035555,True
TAL1,PHB,PHB,ENSG00000167085,-0.10669536624528395,0.10669536624528395,0.00011678601027489772,0.0,1.0,0.23,0.76,0.89,0.003828637226689738,True
KLF1,CITED2,CITED2,ENSG00000164442,-0.10666646155590735,0.10666646155590735,0.00011728788323212705,0.0,1.0,0.4,0.75,0.88,0.0038370770475491672,True
TAL1,TXNIP,TXNIP,ENSG00000265972,0.10652638741958483,0.10652638741958483,0.00011974890318609588,1.0,1.0,0.32,0.8,0.89,0.0039000871372746344,True
KLF1,TM9SF3,TM9SF3,ENSG00000077147,0.10622685691167806,0.10622685691167806,0.00012517560444995522,1.0,1.0,0.29,0.72,0.82,0.004037744055045016,True
TAL1,NT5C2,NT5C2,ENSG00000076685,0.10621002208440948,0.10621002208440948,0.00012548737778124788,1.0,1.0,0.26,0.77,0.89,0.004044817910207651,True
TAL1,MAN1A1,MAN1A1,ENSG00000111885,0.10619149841749045,0.10619149841749045,0.0001258312723943572,1.0,1.0,0.21,0.74,0.83,0.004051800365000318,True
TAL1,NUDT4,NUDT4,ENSG00000173598,0.10601129628279925,0.10601129628279925,0.00012922337059021155,1.0,1.0,0.24,0.73,0.83,0.004120502172821474,True
TAL1,DYRK1A,DYRK1A,ENSG00000157540,0.10564848550117681,0.10564848550117681,0.00013631563966352958,1.0,1.0,0.25,0.77,0.87,0.004289529553153082,True
TAL1,ASAP1,ASAP1,ENSG00000153317,0.10559726926382428,0.10559726926382428,0.00013734583480218016,1.0,1.0,0.18,0.71,0.84,0.004312829607700422,True
KLF1,RHCE,RHCE,ENSG00000188672,0.10539071188459664,0.10539071188459664,0.00014157547354340413,1.0,1.0,0.27,0.82,0.93,0.004391851923963473,True
KLF1,PIP5K1B,PIP5K1B,ENSG00000107242,0.10479435728856525,0.10479435728856525,0.00015448489191586515,1.0,1.0,0.31,0.84,0.93,0.004712112393584339,True
KLF1,DIPK2A,DIPK2A,ENSG00000181744,-0.10473882048227898,0.10473882048227898,0.0001557418479748483,0.0,1.0,0.34,0.81,0.93,0.004747141763358791,True
TAL1,BSDC1,BSDC1,ENSG00000160058,0.10472634480927666,0.10472634480927666,0.00015602552741725577,1.0,1.0,0.2,0.7,0.86,0.004752476719520033,True
KLF1,UBALD2,UBALD2,ENSG00000185262,-0.10462409259203277,0.10462409259203277,0.00015836897520246654,0.0,1.0,0.24,0.75,0.9,0.004797132254401583,True
KLF1,GUK1,GUK1,ENSG00000143774,0.10458298490245027,0.10458298490245027,0.0001593203857020971,1.0,1.0,0.3,0.74,0.87,0.004815945867733052,True
KLF1,EIF2S2,EIF2S2,ENSG00000125977,0.10443149959482512,0.10443149959482512,0.0001628729929173204,1.0,1.0,0.24,0.77,0.88,0.004895986336664215,True
KLF1,ATP6V1D,ATP6V1D,ENSG00000100554,0.10430583531768285,0.10430583531768285,0.0001658764089238945,1.0,1.0,0.26,0.72,0.87,0.0049660740084402095,True
KLF1,SMIM1,SMIM1,ENSG00000235169,0.10367356795537781,0.10367356795537781,0.00018179379241408384,1.0,1.0,0.27,0.71,0.83,0.005355856615786885,True
KLF1,GPX4,GPX4,ENSG00000167468,-0.1035623387145116,0.1035623387145116,0.000184738272075961,0.0,1.0,0.43,0.72,0.86,0.005412225064033847,True
KLF1,AMMECR1,AMMECR1,ENSG00000101935,0.10330084237149062,0.10330084237149062,0.000191837982894295,1.0,1.0,0.2,0.75,0.91,0.005542267748874811,True
TAL1,SH2B3,SH2B3,ENSG00000111252,0.10308340145408378,0.10308340145408378,0.00019793579290595592,1.0,1.0,0.28,0.7,0.85,0.00566975218186412,True
KLF1,TMEM140,TMEM140,ENSG00000146859,-0.10302441651804567,0.10302441651804567,0.00019962103577972036,0.0,1.0,0.25,0.71,0.85,0.0057068131405261235,True
KLF1,GYPA,GYPA,ENSG00000170180,0.10296457110828265,0.10296457110828265,0.00020134461728841277,1.0,1.0,0.21,0.7,0.86,0.005737337824231384,True
KLF1,TNRC6A,TNRC6A,ENSG00000090905,0.10280049713134481,0.10280049713134481,0.00020614194035775064,1.0,1.0,0.27,0.74,0.92,0.005843582936648097,True
TAL1,R3HCC1L,R3HCC1L,ENSG00000166024,0.10261474373753175,0.10261474373753175,0.00021170250106480252,1.0,1.0,0.21,0.73,0.87,0.0059721716458832255,True
KLF1,RIPOR3,RIPOR3,ENSG00000042062,0.10216849725338098,0.10216849725338098,0.00022564129180822166,1.0,1.0,0.18,0.74,0.92,0.006286337645663449,True
KLF1,SLC25A39,SLC25A39,ENSG00000013306,0.10212520432606453,0.10212520432606453,0.0002270384167046137,1.0,1.0,0.24,0.72,0.84,0.006310195543970488,True
KLF1,SGMS1,SGMS1,ENSG00000198964,0.10198447895973989,0.10198447895973989,0.00023163605803670315,1.0,1.0,0.16,0.7,0.86,0.006392278346072805,True
KLF1,UBAC1,UBAC1,ENSG00000130560,0.10188695634659252,0.10188695634659252,0.00023487326249817424,1.0,1.0,0.29,0.76,0.83,0.006449062461814276,True
TAL1,ARMC1,ARMC1,ENSG00000104442,-0.10165484099240187,0.10165484099240187,0.0002427495615909531,0.0,1.0,0.17,0.71,0.89,0.006607259380204287,True
TAL1,EIF4EBP1,EIF4EBP1,ENSG00000187840,-0.10137733407906525,0.10137733407906525,0.0002524908708731939,0.0,1.0,0.19,0.7,0.9,0.006787922982171789,True
KLF1,ANKH,ANKH,ENSG00000154122,0.09959947320608588,0.09959947320608588,0.0003241232153411618,1.0,1.0,0.24,0.73,0.86,0.008252124236916424,True
KLF1,CPOX,CPOX,ENSG00000080819,0.09406323647188458,0.09406323647188458,0.0006876453748594453,1.0,1.0,0.18,0.72,0.84,0.014160832719563152,True
KLF1,ABCC4,ABCC4,ENSG00000125257,0.09297827064133782,0.09297827064133782,0.0007932667189967803,1.0,1.0,0.17,0.71,0.83,0.01570022004023492,True
