TF,target,target_symbol,target_gene_id,importance,trees_fitted_for_target,rank_within_TF,percentile_within_TF
TAL1,THAP1,THAP1,ENSG00000131931,20.196714401245117,27,1.0,0.00013717421124828533
TAL1,EIPR1,EIPR1,ENSG00000032389,19.426467895507812,32,2.0,0.00027434842249657066
TAL1,BSPRY,BSPRY,ENSG00000119411,18.552845001220703,25,3.0,0.00041152263374485596
BCL11A,DEK,DEK,ENSG00000124795,18.108261108398438,40,1.0,0.00013717421124828533
TAL1,ICMT,ICMT,ENSG00000116237,17.871244430541992,26,4.0,0.0005486968449931413
TAL1,NR1D2,NR1D2,ENSG00000174738,17.72313690185547,30,5.0,0.0006858710562414266
TAL1,PHKG2,PHKG2,ENSG00000156873,17.612943649291992,25,6.0,0.0008230452674897119
TAL1,GCC1,GCC1,ENSG00000179562,17.55930519104004,25,7.0,0.0009602194787379973
TAL1,DALRD3,DALRD3,ENSG00000178149,17.204866409301758,26,8.0,0.0010973936899862826
TAL1,PLP2,PLP2,ENSG00000102007,17.194196701049805,27,9.0,0.0012345679012345679
BCL11A,SUMO2,SUMO2,ENSG00000188612,17.177783966064453,40,2.0,0.00027434842249657066
BCL11A,AARS,AARS,ENSG00000090861,16.863290786743164,32,3.0,0.00041152263374485596
BCL11A,UBE2H,UBE2H,ENSG00000186591,16.458232879638672,34,4.0,0.0005486968449931413
BCL11A,CENPK,CENPK,ENSG00000123219,16.403976440429688,37,5.0,0.0006858710562414266
BCL11A,ACAA2,ACAA2,ENSG00000167315,16.351051330566406,36,6.0,0.0008230452674897119
GATA1,PSTK,PSTK,ENSG00000179988,16.343544006347656,30,1.0,0.00013717421124828533
TAL1,MOSPD2,MOSPD2,ENSG00000130150,16.336219787597656,25,10.0,0.0013717421124828531
GATA1,CLPTM1,CLPTM1,ENSG00000104853,16.100433349609375,34,2.0,0.00027434842249657066
BCL11A,NBAS,NBAS,ENSG00000151779,15.740277290344238,33,7.0,0.0009602194787379973
BCL11A,ST8SIA6,ST8SIA6,ENSG00000148488,15.732148170471191,33,8.0,0.0010973936899862826
TAL1,SYNC,SYNC,ENSG00000162520,15.671133041381836,28,11.0,0.0015089163237311386
BCL11A,NARF,NARF,ENSG00000141562,15.582521438598633,36,9.0,0.0012345679012345679
BCL11A,ATF6,ATF6,ENSG00000118217,15.442276954650879,27,10.0,0.0013717421124828531
BCL11A,PSMA4,PSMA4,ENSG00000041357,15.355916976928711,36,11.0,0.0015089163237311386
BCL11A,PRKDC,PRKDC,ENSG00000253729,15.195508003234863,29,12.0,0.0016460905349794238
BCL11A,SERBP1,SERBP1,ENSG00000142864,15.08621883392334,35,13.0,0.0017832647462277093
BCL11A,SGO1,SGO1,ENSG00000129810,15.08579158782959,30,14.0,0.0019204389574759945
TAL1,BCL10,BCL10,ENSG00000142867,15.053257942199707,25,12.0,0.0016460905349794238
TAL1,CAB39L,CAB39L,ENSG00000102547,15.034663200378418,29,13.0,0.0017832647462277093
BCL11A,CLIC4,CLIC4,ENSG00000169504,14.979649543762207,32,15.0,0.00205761316872428
BCL11A,STAG1,STAG1,ENSG00000118007,14.943962097167969,30,16.0,0.0021947873799725653
BCL11A,HMGN2,HMGN2,ENSG00000198830,14.909549713134766,26,17.0,0.0023319615912208505
TAL1,TIMM13,TIMM13,ENSG00000099800,14.883115768432617,25,14.0,0.0019204389574759945
BCL11A,IKZF1,IKZF1,ENSG00000185811,14.869552612304688,34,18.0,0.0024691358024691358
BCL11A,LCMT1,LCMT1,ENSG00000205629,14.764001846313477,25,19.0,0.002606310013717421
TAL1,THOC5,THOC5,ENSG00000100296,14.670771598815918,25,15.0,0.00205761316872428
BCL11A,TCEA1,TCEA1,ENSG00000187735,14.65100383758545,29,20.0,0.0027434842249657062
BCL11A,FANCD2,FANCD2,ENSG00000144554,14.632670402526855,35,21.0,0.002880658436213992
BCL11A,ZCCHC17,ZCCHC17,ENSG00000121766,14.599068641662598,28,22.0,0.003017832647462277
TAL1,TBP,TBP,ENSG00000112592,14.540026664733887,25,16.0,0.0021947873799725653
BCL11A,TCP11L2,TCP11L2,ENSG00000166046,14.533000946044922,25,23.0,0.0031550068587105624
BCL11A,ZNF273,ZNF273,ENSG00000198039,14.481476783752441,29,24.0,0.0032921810699588477
BCL11A,STIL,STIL,ENSG00000123473,14.421334266662598,31,25.0,0.003429355281207133
BCL11A,LPIN2,LPIN2,ENSG00000101577,14.41336441040039,33,26.0,0.0035665294924554186
BCL11A,SLC16A1,SLC16A1,ENSG00000155380,14.313039779663086,33,27.0,0.003703703703703704
TAL1,ACTR6,ACTR6,ENSG00000075089,14.294337272644043,26,17.0,0.0023319615912208505
BCL11A,RNF10,RNF10,ENSG00000022840,14.280523300170898,30,28.0,0.003840877914951989
BCL11A,TRIM58,TRIM58,ENSG00000162722,14.265341758728027,28,29.0,0.003978052126200274
KLF1,AC010976.1,AC010976.1,ENSG00000231731,14.252119064331055,25,1.0,0.00013717421124828533
BCL11A,ATP5IF1,ATP5IF1,ENSG00000130770,14.24487018585205,25,30.0,0.00411522633744856
GFI1B,STK26,STK26,ENSG00000134602,14.241387367248535,27,1.0,0.00013717421124828533
KLF1,BOLA1,BOLA1,ENSG00000178096,14.162202835083008,30,2.0,0.00027434842249657066
NFE2,MAP3K3,MAP3K3,ENSG00000198909,14.154623985290527,27,1.0,0.00013717421124828533
BCL11A,C1orf112,C1orf112,ENSG00000000460,14.063705444335938,35,31.0,0.004252400548696845
BCL11A,BUB1B,BUB1B,ENSG00000156970,14.058797836303711,26,32.0,0.0043895747599451305
BCL11A,IMPA2,IMPA2,ENSG00000141401,14.0150728225708,25,33.0,0.004526748971193415
BCL11A,DEPDC1,DEPDC1,ENSG00000024526,14.004405975341797,27,34.0,0.004663923182441701
BCL11A,KIF11,KIF11,ENSG00000138160,14.00279426574707,27,35.0,0.004801097393689987
KLF1,POLR3A,POLR3A,ENSG00000148606,13.9960355758667,27,3.0,0.00041152263374485596
BCL11A,EXOSC8,EXOSC8,ENSG00000120699,13.963821411132812,28,36.0,0.0049382716049382715
BCL11A,ATP2B1,ATP2B1,ENSG00000070961,13.881091117858887,27,37.0,0.005075445816186557
BCL11A,DLEU2,DLEU2,ENSG00000231607,13.85798168182373,30,38.0,0.005212620027434842
BCL11A,SMC2,SMC2,ENSG00000136824,13.793131828308105,33,39.0,0.005349794238683128
BCL11A,MZT1,MZT1,ENSG00000204899,13.78268051147461,31,40.0,0.0054869684499314125
TAL1,PRORP,PRORP,ENSG00000100890,13.759522438049316,25,18.0,0.0024691358024691358
BCL11A,SMG6,SMG6,ENSG00000070366,13.750725746154785,30,41.0,0.005624142661179698
BCL11A,ZNF236,ZNF236,ENSG00000130856,13.746622085571289,30,42.0,0.005761316872427984
BCL11A,PPIE,PPIE,ENSG00000084072,13.73190975189209,25,43.0,0.005898491083676269
BCL11A,HIST1H1B,HIST1H1B,ENSG00000184357,13.724496841430664,30,44.0,0.006035665294924554
BCL11A,RCC2,RCC2,ENSG00000179051,13.706787109375,31,45.0,0.006172839506172839
KLF1,CCSAP,CCSAP,ENSG00000154429,13.663780212402344,29,4.0,0.0005486968449931413
BCL11A,LIN54,LIN54,ENSG00000189308,13.658099174499512,26,46.0,0.006310013717421125
BCL11A,HIST2H2AC,HIST2H2AC,ENSG00000184260,13.651308059692383,28,47.0,0.0064471879286694105
BCL11A,SLC2A4RG,SLC2A4RG,ENSG00000125520,13.6314058303833,29,48.0,0.006584362139917695
NFE2,MRPL11,MRPL11,ENSG00000174547,13.621084213256836,33,2.0,0.00027434842249657066
BCL11A,UFL1,UFL1,ENSG00000014123,13.61276912689209,29,49.0,0.006721536351165981
BCL11A,H2AFV,H2AFV,ENSG00000105968,13.596924781799316,28,50.0,0.006858710562414266
BCL11A,LSM6,LSM6,ENSG00000164167,13.584853172302246,29,51.0,0.0069958847736625515
BCL11A,PHF10,PHF10,ENSG00000130024,13.576714515686035,32,52.0,0.007133058984910837
BCL11A,XPOT,XPOT,ENSG00000184575,13.551786422729492,27,53.0,0.007270233196159122
BCL11A,SPAG5,SPAG5,ENSG00000076382,13.544655799865723,31,54.0,0.007407407407407408
BCL11A,CHCHD3,CHCHD3,ENSG00000106554,13.541080474853516,32,55.0,0.0075445816186556925
BCL11A,SPPL2A,SPPL2A,ENSG00000138600,13.540282249450684,29,56.0,0.007681755829903978
KLF1,POLD1,POLD1,ENSG00000062822,13.511679649353027,26,5.0,0.0006858710562414266
BCL11A,UROS,UROS,ENSG00000188690,13.47607707977295,28,57.0,0.007818930041152264
BCL11A,WASL,WASL,ENSG00000106299,13.459583282470703,27,58.0,0.007956104252400549
BCL11A,MAP3K5,MAP3K5,ENSG00000197442,13.446342468261719,27,59.0,0.008093278463648833
BCL11A,RNGTT,RNGTT,ENSG00000111880,13.426907539367676,25,60.0,0.00823045267489712
BCL11A,BUB1,BUB1,ENSG00000169679,13.419191360473633,27,61.0,0.008367626886145405
TAL1,SLC16A4,SLC16A4,ENSG00000168679,13.40275764465332,28,19.0,0.002606310013717421
BCL11A,PSIP1,PSIP1,ENSG00000164985,13.382927894592285,28,62.0,0.00850480109739369
BCL11A,SRSF3,SRSF3,ENSG00000112081,13.37414264678955,27,63.0,0.008641975308641974
BCL11A,ATG14,ATG14,ENSG00000126775,13.350581169128418,27,64.0,0.008779149519890261
BCL11A,UBL7-AS1,UBL7-AS1,ENSG00000247240,13.335867881774902,25,65.0,0.008916323731138546
NFE2,TANC1,TANC1,ENSG00000115183,13.330473899841309,25,3.0,0.00041152263374485596
BCL11A,PCNP,PCNP,ENSG00000081154,13.287919998168945,25,66.0,0.00905349794238683
BCL11A,ZFAND3,ZFAND3,ENSG00000156639,13.257752418518066,26,67.0,0.009190672153635117
BCL11A,HMGB1,HMGB1,ENSG00000189403,13.24482536315918,25,68.0,0.009327846364883402
BCL11A,PGRMC2,PGRMC2,ENSG00000164040,13.219300270080566,27,69.0,0.009465020576131687
BCL11A,HIST1H1D,HIST1H1D,ENSG00000124575,13.214466094970703,25,70.0,0.009602194787379973
TAL1,CCDC15,CCDC15,ENSG00000149548,13.202499389648438,27,20.0,0.0027434842249657062
BCL11A,USP1,USP1,ENSG00000162607,13.181025505065918,27,71.0,0.009739368998628258
TAL1,CHD1,CHD1,ENSG00000153922,13.17616081237793,27,21.0,0.002880658436213992
BCL11A,FNDC3A,FNDC3A,ENSG00000102531,13.170449256896973,25,72.0,0.009876543209876543
TAL1,KIF26A,KIF26A,ENSG00000066735,13.147500038146973,27,22.0,0.003017832647462277
TAL1,NADSYN1,NADSYN1,ENSG00000172890,13.096981048583984,26,23.0,0.0031550068587105624
NFE2,ARHGDIA,ARHGDIA,ENSG00000141522,13.08271312713623,28,4.0,0.0005486968449931413
GFI1B,ZNF766,ZNF766,ENSG00000196214,13.078230857849121,28,2.0,0.00027434842249657066
KLF1,LACTB,LACTB,ENSG00000103642,12.97119426727295,28,6.0,0.0008230452674897119
TAL1,CLCN6,CLCN6,ENSG00000011021,12.93478775024414,28,24.0,0.0032921810699588477
TAL1,TPGS1,TPGS1,ENSG00000141933,12.9252347946167,25,25.0,0.003429355281207133
KLF1,SETDB2,SETDB2,ENSG00000136169,12.902138710021973,27,7.0,0.0009602194787379973
TAL1,FTH1,FTH1,ENSG00000167996,12.89456558227539,25,26.0,0.0035665294924554186
TAL1,NFKBIA,NFKBIA,ENSG00000100906,12.894521713256836,27,27.0,0.003703703703703704
GFI1B,TGFBR1,TGFBR1,ENSG00000106799,12.79991340637207,25,3.0,0.00041152263374485596
KLF1,HEXIM1,HEXIM1,ENSG00000186834,12.784263610839844,25,8.0,0.0010973936899862826
TAL1,RRAGC,RRAGC,ENSG00000116954,12.776934623718262,30,28.0,0.003840877914951989
TAL1,PPP1R8,PPP1R8,ENSG00000117751,12.7766695022583,28,29.0,0.003978052126200274
TAL1,METTL16,METTL16,ENSG00000127804,12.774214744567871,25,30.0,0.00411522633744856
TAL1,IFT43,IFT43,ENSG00000119650,12.745494842529297,35,31.0,0.004252400548696845
TAL1,MGA,MGA,ENSG00000174197,12.708535194396973,25,32.0,0.0043895747599451305
GFI1B,DEAF1,DEAF1,ENSG00000177030,12.685731887817383,25,4.0,0.0005486968449931413
TAL1,VAMP4,VAMP4,ENSG00000117533,12.647058486938477,25,33.0,0.004526748971193415
GATA1,AAGAB,AAGAB,ENSG00000103591,12.621443748474121,27,3.0,0.00041152263374485596
TAL1,TOR1B,TOR1B,ENSG00000136816,12.560931205749512,25,34.0,0.004663923182441701
GFI1B,HNRNPDL,HNRNPDL,ENSG00000152795,12.538262367248535,30,5.0,0.0006858710562414266
KLF1,HIST1H2BJ,HIST1H2BJ,ENSG00000124635,12.507956504821777,25,9.0,0.0012345679012345679
GFI1B,SCRN3,SCRN3,ENSG00000144306,12.46259593963623,28,6.0,0.0008230452674897119
GATA1,TAF4B,TAF4B,ENSG00000141384,12.453865051269531,27,4.0,0.0005486968449931413
NFE2,APOBEC3A,APOBEC3A,ENSG00000128383,12.431432723999023,25,5.0,0.0006858710562414266
TAL1,EGR1,EGR1,ENSG00000120738,12.398780822753906,25,35.0,0.004801097393689987
TAL1,ARHGAP17,ARHGAP17,ENSG00000140750,12.360097885131836,25,36.0,0.0049382716049382715
KLF1,ING1,ING1,ENSG00000153487,12.352150917053223,27,10.0,0.0013717421124828531
TAL1,UTP18,UTP18,ENSG00000011260,12.304232597351074,25,37.0,0.005075445816186557
GATA1,RNF152,RNF152,ENSG00000176641,12.266678810119629,28,5.0,0.0006858710562414266
GATA1,OTUB1,OTUB1,ENSG00000167770,12.189839363098145,27,6.0,0.0008230452674897119
KLF1,TIMM22,TIMM22,ENSG00000177370,12.129193305969238,30,11.0,0.0015089163237311386
TAL1,MRPL18,MRPL18,ENSG00000112110,12.122270584106445,26,38.0,0.005212620027434842
KLF1,SRCAP,SRCAP,ENSG00000080603,12.115069389343262,27,12.0,0.0016460905349794238
GFI1B,TERF2,TERF2,ENSG00000132604,12.11264705657959,25,7.0,0.0009602194787379973
NFE2,EHD1,EHD1,ENSG00000110047,12.100387573242188,31,6.0,0.0008230452674897119
NFE2,PIH1D1,PIH1D1,ENSG00000104872,12.099499702453613,27,7.0,0.0009602194787379973
KLF1,HLCS,HLCS,ENSG00000159267,12.084090232849121,25,13.0,0.0017832647462277093
NFE2,RAB11FIP4,RAB11FIP4,ENSG00000131242,12.043437957763672,27,8.0,0.0010973936899862826
GFI1B,IPPK,IPPK,ENSG00000127080,12.026436805725098,27,8.0,0.0010973936899862826
TAL1,OTUD4,OTUD4,ENSG00000164164,12.010290145874023,29,39.0,0.005349794238683128
KLF1,ENO2,ENO2,ENSG00000111674,11.911946296691895,25,14.0,0.0019204389574759945
GATA1,ABTB1,ABTB1,ENSG00000114626,11.909537315368652,25,7.0,0.0009602194787379973
GATA1,AL450384.2,AL450384.2,ENSG00000240291,11.903024673461914,26,8.0,0.0010973936899862826
GATA1,DST,DST,ENSG00000151914,11.848188400268555,25,9.0,0.0012345679012345679
TAL1,ABHD13,ABHD13,ENSG00000139826,11.827667236328125,25,40.0,0.0054869684499314125
GFI1B,GPS1,GPS1,ENSG00000169727,11.826570510864258,25,9.0,0.0012345679012345679
NFE2,ABHD17B,ABHD17B,ENSG00000107362,11.818854331970215,25,9.0,0.0012345679012345679
KLF1,ZC3H7B,ZC3H7B,ENSG00000100403,11.816254615783691,28,15.0,0.00205761316872428
TAL1,AP4S1,AP4S1,ENSG00000100478,11.777729034423828,25,41.0,0.005624142661179698
GATA1,SCYL3,SCYL3,ENSG00000000457,11.723800659179688,27,10.0,0.0013717421124828531
GFI1B,TMEM116,TMEM116,ENSG00000198270,11.64085578918457,27,10.0,0.0013717421124828531
KLF1,RABAC1,RABAC1,ENSG00000105404,11.631865501403809,26,16.0,0.0021947873799725653
NFE2,ERCC3,ERCC3,ENSG00000163161,11.630029678344727,28,10.0,0.0013717421124828531
NFE2,ALDH5A1,ALDH5A1,ENSG00000112294,11.626710891723633,25,11.0,0.0015089163237311386
NFE2,ATR,ATR,ENSG00000175054,11.625480651855469,26,12.0,0.0016460905349794238
NFE2,ANXA7,ANXA7,ENSG00000138279,11.59232234954834,31,13.0,0.0017832647462277093
GFI1B,MORN1,MORN1,ENSG00000116151,11.580472946166992,25,11.0,0.0015089163237311386
TAL1,HIST1H2BI,HIST1H2BI,ENSG00000278588,11.567156791687012,30,42.0,0.005761316872427984
KLF1,IFIT5,IFIT5,ENSG00000152778,11.564530372619629,27,17.0,0.0023319615912208505
NFE2,ALAS2,ALAS2,ENSG00000158578,11.556623458862305,25,14.0,0.0019204389574759945
TAL1,RELB,RELB,ENSG00000104856,11.530782699584961,25,43.0,0.005898491083676269
KLF1,RPRD2,RPRD2,ENSG00000163125,11.523289680480957,32,18.0,0.0024691358024691358
TAL1,SBNO2,SBNO2,ENSG00000064932,11.514495849609375,25,44.0,0.006035665294924554
GATA1,C16orf91,C16orf91,ENSG00000174109,11.488815307617188,25,11.0,0.0015089163237311386
TAL1,TFIP11,TFIP11,ENSG00000100109,11.471013069152832,25,45.0,0.006172839506172839
NFE2,RYK,RYK,ENSG00000163785,11.463069915771484,31,15.0,0.00205761316872428
GATA1,ALG11,ALG11,ENSG00000253710,11.445281028747559,26,12.0,0.0016460905349794238
GFI1B,COX10,COX10,ENSG00000006695,11.436068534851074,28,12.0,0.0016460905349794238
GFI1B,DRG1,DRG1,ENSG00000185721,11.365729331970215,26,13.0,0.0017832647462277093
NFE2,GALNT5,GALNT5,ENSG00000136542,11.349486351013184,27,16.0,0.0021947873799725653
KLF1,TMUB1,TMUB1,ENSG00000164897,11.310114860534668,27,19.0,0.002606310013717421
GFI1B,ATXN2,ATXN2,ENSG00000204842,11.309113502502441,34,14.0,0.0019204389574759945
GFI1B,MCM4,MCM4,ENSG00000104738,11.297831535339355,26,15.0,0.00205761316872428
KLF1,TMEM189,TMEM189,ENSG00000240849,11.294441223144531,25,20.0,0.0027434842249657062
GFI1B,FADS1,FADS1,ENSG00000149485,11.292635917663574,29,16.0,0.0021947873799725653
TAL1,AP1G1,AP1G1,ENSG00000166747,11.266053199768066,25,46.0,0.006310013717421125
GFI1B,LRRC28,LRRC28,ENSG00000168904,11.263662338256836,25,17.0,0.0023319615912208505
KLF1,HMG20B,HMG20B,ENSG00000064961,11.251667976379395,27,21.0,0.002880658436213992
GFI1B,IKBIP,IKBIP,ENSG00000166130,11.247098922729492,27,18.0,0.0024691358024691358
NFE2,HBZ,HBZ,ENSG00000130656,11.23909854888916,26,17.0,0.0023319615912208505
GFI1B,FBXW7,FBXW7,ENSG00000109670,11.235158920288086,31,19.0,0.002606310013717421
NFE2,TBCC,TBCC,ENSG00000124659,11.228272438049316,25,18.0,0.0024691358024691358
KLF1,CCDC28B,CCDC28B,ENSG00000160050,11.222038269042969,27,22.0,0.003017832647462277
GFI1B,WDR83,WDR83,ENSG00000123154,11.215818405151367,28,20.0,0.0027434842249657062
GATA1,TRIM8,TRIM8,ENSG00000171206,11.21058177947998,27,13.0,0.0017832647462277093
KLF1,PIR,PIR,ENSG00000087842,11.209074020385742,27,23.0,0.0031550068587105624
GATA1,LRIG2,LRIG2,ENSG00000198799,11.207708358764648,28,14.0,0.0019204389574759945
NFE2,ELAC2,ELAC2,ENSG00000006744,11.183815002441406,34,19.0,0.002606310013717421
TAL1,C12orf57,C12orf57,ENSG00000111678,11.182806968688965,26,47.0,0.0064471879286694105
GFI1B,ZNF213,ZNF213,ENSG00000085644,11.167584419250488,26,21.0,0.002880658436213992
TAL1,AL356599.1,AL356599.1,ENSG00000235652,11.138599395751953,25,48.0,0.006584362139917695
GFI1B,SLC36A4,SLC36A4,ENSG00000180773,11.131915092468262,28,22.0,0.003017832647462277
KLF1,P2RY1,P2RY1,ENSG00000169860,11.128230094909668,27,24.0,0.0032921810699588477
KLF1,KBTBD8,KBTBD8,ENSG00000163376,11.127582550048828,26,25.0,0.003429355281207133
GFI1B,GCN1,GCN1,ENSG00000089154,11.120509147644043,28,23.0,0.0031550068587105624
KLF1,TNRC6A,TNRC6A,ENSG00000090905,11.119378089904785,28,26.0,0.0035665294924554186
KLF1,IDH1,IDH1,ENSG00000138413,11.11469554901123,25,27.0,0.003703703703703704
TAL1,CCNYL1,CCNYL1,ENSG00000163249,11.11432933807373,25,49.0,0.006721536351165981
GFI1B,SYTL4,SYTL4,ENSG00000102362,11.10233211517334,25,24.0,0.0032921810699588477
GFI1B,ZNRF2,ZNRF2,ENSG00000180233,11.090245246887207,28,25.0,0.003429355281207133
GATA1,HARS2,HARS2,ENSG00000112855,11.076783180236816,27,15.0,0.00205761316872428
NFE2,NRBF2,NRBF2,ENSG00000148572,11.070829391479492,28,20.0,0.0027434842249657062
TAL1,ZKSCAN8,ZKSCAN8,ENSG00000198315,11.055420875549316,27,50.0,0.006858710562414266
GFI1B,SCAF1,SCAF1,ENSG00000126461,11.0360107421875,29,26.0,0.0035665294924554186
NFE2,ABCF2,ABCF2,ENSG00000033050,11.02695083618164,25,21.0,0.002880658436213992
NFE2,SLC25A13,SLC25A13,ENSG00000004864,11.0253267288208,25,22.0,0.003017832647462277
GFI1B,CHEK2,CHEK2,ENSG00000183765,11.011876106262207,29,27.0,0.003703703703703704
KLF1,HIST2H4B,HIST2H4B,ENSG00000270276,11.005383491516113,25,28.0,0.003840877914951989
GFI1B,NORAD,NORAD,ENSG00000260032,10.940661430358887,27,28.0,0.003840877914951989
TAL1,FBRS,FBRS,ENSG00000156860,10.933676719665527,27,51.0,0.0069958847736625515
NFE2,CCDC9,CCDC9,ENSG00000105321,10.922496795654297,30,23.0,0.0031550068587105624
GFI1B,RDX,RDX,ENSG00000137710,10.899824142456055,25,29.0,0.003978052126200274
GFI1B,CPEB1,CPEB1,ENSG00000214575,10.879951477050781,32,30.0,0.00411522633744856
TAL1,PVT1,PVT1,ENSG00000249859,10.877388000488281,28,52.0,0.007133058984910837
KLF1,SNAP23,SNAP23,ENSG00000092531,10.85046672821045,25,29.0,0.003978052126200274
TAL1,ERCC1,ERCC1,ENSG00000012061,10.82250690460205,28,53.0,0.007270233196159122
GATA1,AAAS,AAAS,ENSG00000094914,10.819194793701172,26,16.0,0.0021947873799725653
NFE2,MAGED2,MAGED2,ENSG00000102316,10.809103965759277,25,24.0,0.0032921810699588477
KLF1,SNHG10,SNHG10,ENSG00000247092,10.790518760681152,27,30.0,0.00411522633744856
KLF1,TRUB1,TRUB1,ENSG00000165832,10.788430213928223,27,31.0,0.004252400548696845
GFI1B,AC109587.1,AC109587.1,ENSG00000244513,10.785589218139648,25,31.0,0.004252400548696845
NFE2,PYCR1,PYCR1,ENSG00000183010,10.77566146850586,26,25.0,0.003429355281207133
KLF1,UBE2V1,UBE2V1,ENSG00000244687,10.76624584197998,32,32.0,0.0043895747599451305
GATA1,MICOS13,MICOS13,ENSG00000174917,10.760188102722168,25,17.0,0.0023319615912208505
KLF1,CASP10,CASP10,ENSG00000003400,10.740402221679688,27,33.0,0.004526748971193415
TAL1,SNHG16,SNHG16,ENSG00000163597,10.7374849319458,25,54.0,0.007407407407407408
GFI1B,FRG1,FRG1,ENSG00000109536,10.73544979095459,30,32.0,0.0043895747599451305
KLF1,IER5,IER5,ENSG00000162783,10.699957847595215,27,34.0,0.004663923182441701
TAL1,HIST1H3J,HIST1H3J,ENSG00000197153,10.696614265441895,25,55.0,0.0075445816186556925
GFI1B,HSDL2,HSDL2,ENSG00000119471,10.683205604553223,30,33.0,0.004526748971193415
GFI1B,CCDC88C,CCDC88C,ENSG00000015133,10.681218147277832,25,34.0,0.004663923182441701
NFE2,SLC10A3,SLC10A3,ENSG00000126903,10.673154830932617,28,26.0,0.0035665294924554186
KLF1,POLR3D,POLR3D,ENSG00000168495,10.651898384094238,26,35.0,0.004801097393689987
GFI1B,MCM2,MCM2,ENSG00000073111,10.63701343536377,25,35.0,0.004801097393689987
GATA1,FRMD3,FRMD3,ENSG00000172159,10.635774612426758,29,18.0,0.0024691358024691358
GFI1B,PPIA,PPIA,ENSG00000196262,10.635732650756836,29,36.0,0.0049382716049382715
TAL1,JMJD6,JMJD6,ENSG00000070495,10.632054328918457,25,56.0,0.007681755829903978
GFI1B,BCL11A,BCL11A,ENSG00000119866,10.625271797180176,29,37.0,0.005075445816186557
GFI1B,FCHSD2,FCHSD2,ENSG00000137478,10.625265121459961,25,38.0,0.005212620027434842
GFI1B,TRMU,TRMU,ENSG00000100416,10.61154556274414,26,39.0,0.005349794238683128
GFI1B,RMI1,RMI1,ENSG00000178966,10.600716590881348,27,40.0,0.0054869684499314125
KLF1,VGLL4,VGLL4,ENSG00000144560,10.593798637390137,27,36.0,0.0049382716049382715
GATA1,ATF7,ATF7,ENSG00000170653,10.588639259338379,25,19.0,0.002606310013717421
KLF1,ADAM9,ADAM9,ENSG00000168615,10.583147048950195,30,37.0,0.005075445816186557
GATA1,AL157392.3,AL157392.3,ENSG00000239665,10.57177734375,29,20.0,0.0027434842249657062
KLF1,TM9SF2,TM9SF2,ENSG00000125304,10.540964126586914,27,38.0,0.005212620027434842
GATA1,C12orf29,C12orf29,ENSG00000133641,10.52554988861084,25,21.0,0.002880658436213992
GATA1,GALK2,GALK2,ENSG00000156958,10.50901985168457,26,22.0,0.003017832647462277
NFE2,FECH,FECH,ENSG00000066926,10.503998756408691,28,27.0,0.003703703703703704
KLF1,SERPINE2,SERPINE2,ENSG00000135919,10.503677368164062,28,39.0,0.005349794238683128
TAL1,TMEM117,TMEM117,ENSG00000139173,10.490617752075195,26,57.0,0.007818930041152264
GFI1B,MCM3,MCM3,ENSG00000112118,10.48455810546875,29,41.0,0.005624142661179698
GFI1B,SCLY,SCLY,ENSG00000132330,10.474748611450195,29,42.0,0.005761316872427984
NFE2,TGFBR2,TGFBR2,ENSG00000163513,10.4668550491333,25,28.0,0.003840877914951989
GFI1B,LDHB,LDHB,ENSG00000111716,10.460537910461426,26,43.0,0.005898491083676269
TAL1,ICAM4,ICAM4,ENSG00000105371,10.444306373596191,27,58.0,0.007956104252400549
GFI1B,REXO1,REXO1,ENSG00000079313,10.442328453063965,26,44.0,0.006035665294924554
KLF1,TRIM52,TRIM52,ENSG00000183718,10.427093505859375,26,40.0,0.0054869684499314125
KLF1,CLEC2B,CLEC2B,ENSG00000110852,10.421760559082031,25,41.0,0.005624142661179698
KLF1,ZNF609,ZNF609,ENSG00000180357,10.415907859802246,25,42.0,0.005761316872427984
NFE2,CLCN2,CLCN2,ENSG00000114859,10.41573715209961,25,29.0,0.003978052126200274
NFE2,SLC5A4-AS1,SLC5A4-AS1,ENSG00000242082,10.414373397827148,26,30.0,0.00411522633744856
GFI1B,ATAD5,ATAD5,ENSG00000176208,10.400182723999023,27,45.0,0.006172839506172839
GFI1B,MBIP,MBIP,ENSG00000151332,10.392791748046875,29,46.0,0.006310013717421125
TAL1,ENO1,ENO1,ENSG00000074800,10.388858795166016,25,59.0,0.008093278463648833
TAL1,VPS13B,VPS13B,ENSG00000132549,10.38460636138916,29,60.0,0.00823045267489712
KLF1,SLX4,SLX4,ENSG00000188827,10.379335403442383,25,43.0,0.005898491083676269
TAL1,RLF,RLF,ENSG00000117000,10.367164611816406,27,61.0,0.008367626886145405
GFI1B,PNN,PNN,ENSG00000100941,10.366622924804688,27,47.0,0.0064471879286694105
NFE2,CTSB,CTSB,ENSG00000164733,10.346173286437988,26,31.0,0.004252400548696845
GFI1B,OGFOD1,OGFOD1,ENSG00000087263,10.33113956451416,27,48.0,0.006584362139917695
GATA1,PRPF19,PRPF19,ENSG00000110107,10.328238487243652,26,23.0,0.0031550068587105624
KLF1,NFE2L3,NFE2L3,ENSG00000050344,10.325810432434082,26,44.0,0.006035665294924554
TAL1,YOD1,YOD1,ENSG00000180667,10.30458927154541,36,62.0,0.00850480109739369
NFE2,ZNF160,ZNF160,ENSG00000170949,10.302048683166504,26,32.0,0.0043895747599451305
GATA1,LINC02506,LINC02506,ENSG00000251129,10.29116439819336,26,24.0,0.0032921810699588477
GFI1B,MRPL45,MRPL45,ENSG00000278845,10.280741691589355,27,49.0,0.006721536351165981
KLF1,GPR146,GPR146,ENSG00000164849,10.271724700927734,30,45.0,0.006172839506172839
KLF1,CCHCR1,CCHCR1,ENSG00000204536,10.268245697021484,27,46.0,0.006310013717421125
KLF1,STAT3,STAT3,ENSG00000168610,10.263346672058105,25,47.0,0.0064471879286694105
GFI1B,NOP14,NOP14,ENSG00000087269,10.247099876403809,32,50.0,0.006858710562414266
TAL1,SRP19,SRP19,ENSG00000153037,10.231612205505371,28,63.0,0.008641975308641974
NFE2,COX15,COX15,ENSG00000014919,10.22563648223877,28,33.0,0.004526748971193415
NFE2,CLK3,CLK3,ENSG00000179335,10.216691970825195,25,34.0,0.004663923182441701
KLF1,PFDN6,PFDN6,ENSG00000204220,10.215088844299316,25,48.0,0.006584362139917695
NFE2,ZMYM4,ZMYM4,ENSG00000146463,10.193354606628418,26,35.0,0.004801097393689987
GATA1,DPP9,DPP9,ENSG00000142002,10.186394691467285,25,25.0,0.003429355281207133
GATA1,GLRX2,GLRX2,ENSG00000023572,10.17977237701416,28,26.0,0.0035665294924554186
NFE2,WDR36,WDR36,ENSG00000134987,10.160669326782227,25,36.0,0.0049382716049382715
GFI1B,HBA2,HBA2,ENSG00000188536,10.145827293395996,25,51.0,0.0069958847736625515
GATA1,C9orf72,C9orf72,ENSG00000147894,10.14126205444336,28,27.0,0.003703703703703704
KLF1,C5,C5,ENSG00000106804,10.128701210021973,29,49.0,0.006721536351165981
GFI1B,NUCKS1,NUCKS1,ENSG00000069275,10.119170188903809,30,52.0,0.007133058984910837
TAL1,LRRC37A2,LRRC37A2,ENSG00000238083,10.111030578613281,26,64.0,0.008779149519890261
NFE2,RNF103,RNF103,ENSG00000239305,10.108962059020996,29,37.0,0.005075445816186557
KLF1,RBM5-AS1,RBM5-AS1,ENSG00000281691,10.107946395874023,28,50.0,0.006858710562414266
NFE2,CEP76,CEP76,ENSG00000101624,10.1038818359375,27,38.0,0.005212620027434842
GFI1B,KLHL15,KLHL15,ENSG00000174010,10.092166900634766,29,53.0,0.007270233196159122
TAL1,PSTPIP2,PSTPIP2,ENSG00000152229,10.088547706604004,29,65.0,0.008916323731138546
NFE2,TGM2,TGM2,ENSG00000198959,10.08258056640625,35,39.0,0.005349794238683128
NFE2,ADCK1,ADCK1,ENSG00000063761,10.081253051757812,28,40.0,0.0054869684499314125
KLF1,HIST1H2BB,HIST1H2BB,ENSG00000276410,10.057709693908691,26,51.0,0.0069958847736625515
GFI1B,INPP5F,INPP5F,ENSG00000198825,10.038594245910645,28,54.0,0.007407407407407408
KLF1,CLK1,CLK1,ENSG00000013441,10.036422729492188,27,52.0,0.007133058984910837
KLF1,ZNF337,ZNF337,ENSG00000130684,10.032123565673828,25,53.0,0.007270233196159122
GATA1,FIG4,FIG4,ENSG00000112367,10.016082763671875,29,28.0,0.003840877914951989
NFE2,PLAG1,PLAG1,ENSG00000181690,10.000113487243652,25,41.0,0.005624142661179698
GATA1,EIF4EBP3,EIF4EBP3,ENSG00000243056,9.997883796691895,25,29.0,0.003978052126200274
NFE2,STK19,STK19,ENSG00000204344,9.981588363647461,25,42.0,0.005761316872427984
TAL1,HIST1H2BK,HIST1H2BK,ENSG00000197903,9.973231315612793,31,66.0,0.00905349794238683
KLF1,TRMT44,TRMT44,ENSG00000155275,9.969472885131836,28,54.0,0.007407407407407408
NFE2,TSPAN5,TSPAN5,ENSG00000168785,9.96562671661377,25,43.0,0.005898491083676269
TAL1,GPN2,GPN2,ENSG00000142751,9.963783264160156,28,67.0,0.009190672153635117
GATA1,VPS29,VPS29,ENSG00000111237,9.955119132995605,25,30.0,0.00411522633744856
GATA1,COLQ,COLQ,ENSG00000206561,9.944999694824219,26,31.0,0.004252400548696845
GFI1B,NMNAT3,NMNAT3,ENSG00000163864,9.93649673461914,26,55.0,0.0075445816186556925
NFE2,SLC2A13,SLC2A13,ENSG00000151229,9.936275482177734,25,44.0,0.006035665294924554
TAL1,OGDH,OGDH,ENSG00000105953,9.9347505569458,27,68.0,0.009327846364883402
GFI1B,NEDD4,NEDD4,ENSG00000069869,9.929182052612305,25,56.0,0.007681755829903978
NFE2,IRAK2,IRAK2,ENSG00000134070,9.92905044555664,25,45.0,0.006172839506172839
GFI1B,MED14,MED14,ENSG00000180182,9.928966522216797,28,57.0,0.007818930041152264
TAL1,FAM27C,FAM27C,ENSG00000231527,9.927590370178223,25,69.0,0.009465020576131687
GFI1B,MMAB,MMAB,ENSG00000139428,9.926909446716309,28,58.0,0.007956104252400549
GFI1B,AP3M1,AP3M1,ENSG00000185009,9.926539421081543,28,59.0,0.008093278463648833
GFI1B,RPL27,RPL27,ENSG00000131469,9.91632080078125,28,60.0,0.00823045267489712
GFI1B,OGG1,OGG1,ENSG00000114026,9.899259567260742,25,61.0,0.008367626886145405
TAL1,MED1,MED1,ENSG00000125686,9.892518997192383,26,70.0,0.009602194787379973
TAL1,AC003102.1,AC003102.1,ENSG00000260793,9.889278411865234,25,71.0,0.009739368998628258
GFI1B,KLHDC3,KLHDC3,ENSG00000124702,9.879729270935059,31,62.0,0.00850480109739369
KLF1,SNHG5,SNHG5,ENSG00000203875,9.852258682250977,25,55.0,0.0075445816186556925
GFI1B,CD151,CD151,ENSG00000177697,9.850870132446289,25,63.0,0.008641975308641974
GATA1,AFF4,AFF4,ENSG00000072364,9.8485107421875,25,32.0,0.0043895747599451305
KLF1,NOL8,NOL8,ENSG00000198000,9.838631629943848,27,56.0,0.007681755829903978
GFI1B,POLA1,POLA1,ENSG00000101868,9.83846664428711,26,64.0,0.008779149519890261
KLF1,TRMO,TRMO,ENSG00000136932,9.834221839904785,26,57.0,0.007818930041152264
GATA1,GULP1,GULP1,ENSG00000144366,9.833231925964355,26,33.0,0.004526748971193415
TAL1,POLE,POLE,ENSG00000177084,9.82172966003418,29,72.0,0.009876543209876543
NFE2,EIF3B,EIF3B,ENSG00000106263,9.817551612854004,30,46.0,0.006310013717421125
NFE2,NME7,NME7,ENSG00000143156,9.80740737915039,29,47.0,0.0064471879286694105
NFE2,OR2AT4,OR2AT4,ENSG00000171561,9.79927921295166,28,48.0,0.006584362139917695
GFI1B,MIER1,MIER1,ENSG00000198160,9.789237022399902,33,65.0,0.008916323731138546
NFE2,PIGS,PIGS,ENSG00000087111,9.784619331359863,29,49.0,0.006721536351165981
KLF1,FAM174C,FAM174C,ENSG00000228300,9.7843599319458,27,58.0,0.007956104252400549
KLF1,PCBP1,PCBP1,ENSG00000169564,9.783519744873047,35,59.0,0.008093278463648833
NFE2,CAT,CAT,ENSG00000121691,9.78239631652832,27,50.0,0.006858710562414266
GFI1B,EPDR1,EPDR1,ENSG00000086289,9.776823997497559,27,66.0,0.00905349794238683
NFE2,CFAP161,CFAP161,ENSG00000156206,9.772181510925293,27,51.0,0.0069958847736625515
GATA1,TFE3,TFE3,ENSG00000068323,9.766233444213867,25,34.0,0.004663923182441701
NFE2,AGPAT4,AGPAT4,ENSG00000026652,9.760939598083496,28,52.0,0.007133058984910837
KLF1,NSUN2,NSUN2,ENSG00000037474,9.75654125213623,29,60.0,0.00823045267489712
GFI1B,SEH1L,SEH1L,ENSG00000085415,9.75273323059082,26,67.0,0.009190672153635117
GFI1B,ENOSF1,ENOSF1,ENSG00000132199,9.751167297363281,30,68.0,0.009327846364883402
GFI1B,VPS54,VPS54,ENSG00000143952,9.744691848754883,25,69.0,0.009465020576131687
NFE2,TRHDE,TRHDE,ENSG00000072657,9.735909461975098,27,53.0,0.007270233196159122
NFE2,BRAF,BRAF,ENSG00000157764,9.73392105102539,26,54.0,0.007407407407407408
GATA1,ATXN7L1,ATXN7L1,ENSG00000146776,9.732917785644531,25,35.0,0.004801097393689987
GFI1B,STX10,STX10,ENSG00000104915,9.732489585876465,27,70.0,0.009602194787379973
KLF1,GLRX5,GLRX5,ENSG00000182512,9.728446006774902,26,61.0,0.008367626886145405
KLF1,ZFAND2A,ZFAND2A,ENSG00000178381,9.728169441223145,26,62.0,0.00850480109739369
GATA1,PPTC7,PPTC7,ENSG00000196850,9.724335670471191,27,36.0,0.0049382716049382715
KLF1,TLE4,TLE4,ENSG00000106829,9.72213077545166,27,63.0,0.008641975308641974
GFI1B,AUP1,AUP1,ENSG00000115307,9.715808868408203,28,71.0,0.009739368998628258
NFE2,SLC35A4,SLC35A4,ENSG00000176087,9.679237365722656,25,55.0,0.0075445816186556925
GFI1B,C1orf50,C1orf50,ENSG00000164008,9.677597999572754,33,72.0,0.009876543209876543
KLF1,CTDNEP1,CTDNEP1,ENSG00000175826,9.665386199951172,28,64.0,0.008779149519890261
NFE2,UBE2O,UBE2O,ENSG00000175931,9.630325317382812,29,56.0,0.007681755829903978
NFE2,CAPN5,CAPN5,ENSG00000149260,9.61280632019043,25,57.0,0.007818930041152264
KLF1,PRRC1,PRRC1,ENSG00000164244,9.585713386535645,27,65.0,0.008916323731138546
KLF1,SPATA33,SPATA33,ENSG00000167523,9.550338745117188,28,66.0,0.00905349794238683
KLF1,ZBTB6,ZBTB6,ENSG00000186130,9.543604850769043,25,67.0,0.009190672153635117
GATA1,VAMP5,VAMP5,ENSG00000168899,9.532075881958008,25,37.0,0.005075445816186557
GATA1,SMIM26,SMIM26,ENSG00000232388,9.522810935974121,30,38.0,0.005212620027434842
NFE2,RPAIN,RPAIN,ENSG00000129197,9.517553329467773,29,58.0,0.007956104252400549
NFE2,CTSL,CTSL,ENSG00000135047,9.51684856414795,26,59.0,0.008093278463648833
NFE2,CDC42EP1,CDC42EP1,ENSG00000128283,9.51571273803711,31,60.0,0.00823045267489712
KLF1,JKAMP,JKAMP,ENSG00000050130,9.51430892944336,28,68.0,0.009327846364883402
NFE2,FAM199X,FAM199X,ENSG00000123575,9.498218536376953,25,61.0,0.008367626886145405
KLF1,TANGO6,TANGO6,ENSG00000103047,9.498029708862305,27,69.0,0.009465020576131687
GATA1,ATXN7L3B,ATXN7L3B,ENSG00000253719,9.494536399841309,25,39.0,0.005349794238683128
NFE2,ZMYND8,ZMYND8,ENSG00000101040,9.477425575256348,31,62.0,0.00850480109739369
NFE2,DPF2,DPF2,ENSG00000133884,9.473916053771973,25,63.0,0.008641975308641974
NFE2,DDX56,DDX56,ENSG00000136271,9.469846725463867,25,64.0,0.008779149519890261
KLF1,HIST1H2BN,HIST1H2BN,ENSG00000233822,9.460890769958496,25,70.0,0.009602194787379973
KLF1,CLK2,CLK2,ENSG00000176444,9.449862480163574,27,71.0,0.009739368998628258
KLF1,DYRK1B,DYRK1B,ENSG00000105204,9.442530632019043,27,72.0,0.009876543209876543
NFE2,MFAP3,MFAP3,ENSG00000037749,9.399850845336914,25,65.0,0.008916323731138546
NFE2,NRXN3,NRXN3,ENSG00000021645,9.380670547485352,25,66.0,0.00905349794238683
NFE2,ZNF844,ZNF844,ENSG00000223547,9.379864692687988,25,67.0,0.009190672153635117
GATA1,AC097382.3,AC097382.3,ENSG00000287104,9.328658103942871,25,40.0,0.0054869684499314125
NFE2,OAZ2,OAZ2,ENSG00000180304,9.321479797363281,25,68.0,0.009327846364883402
NFE2,FAM222B,FAM222B,ENSG00000173065,9.319514274597168,27,69.0,0.009465020576131687
NFE2,YIPF2,YIPF2,ENSG00000130733,9.29104232788086,26,70.0,0.009602194787379973
NFE2,RSPRY1,RSPRY1,ENSG00000159579,9.282919883728027,25,71.0,0.009739368998628258
NFE2,TMEM131L,TMEM131L,ENSG00000121210,9.282388687133789,30,72.0,0.009876543209876543
GATA1,ATG13,ATG13,ENSG00000175224,9.252229690551758,27,41.0,0.005624142661179698
GATA1,PDE12,PDE12,ENSG00000174840,9.23112678527832,30,42.0,0.005761316872427984
GATA1,ZCCHC10,ZCCHC10,ENSG00000155329,9.222576141357422,25,43.0,0.005898491083676269
GATA1,AC103794.1,AC103794.1,ENSG00000254878,9.192988395690918,25,44.0,0.006035665294924554
GATA1,PPM1L,PPM1L,ENSG00000163590,9.18185806274414,26,45.0,0.006172839506172839
GATA1,AC008892.1,AC008892.1,ENSG00000249236,9.171656608581543,26,46.0,0.006310013717421125
GATA1,RPS17,RPS17,ENSG00000182774,9.158217430114746,30,47.0,0.0064471879286694105
GATA1,AL158801.3,AL158801.3,ENSG00000258455,9.132403373718262,26,48.0,0.006584362139917695
GATA1,TRIM23,TRIM23,ENSG00000113595,9.123126983642578,25,49.0,0.006721536351165981
GATA1,PPCDC,PPCDC,ENSG00000138621,9.084370613098145,25,50.0,0.006858710562414266
GATA1,AC097534.1,AC097534.1,ENSG00000248774,9.066828727722168,28,51.0,0.0069958847736625515
GATA1,ATG4B,ATG4B,ENSG00000168397,9.007299423217773,25,52.0,0.007133058984910837
GATA1,PDCD6IP,PDCD6IP,ENSG00000170248,8.969648361206055,25,53.0,0.007270233196159122
GATA1,CLPB,CLPB,ENSG00000162129,8.960796356201172,25,54.0,0.007407407407407408
GATA1,DHX40,DHX40,ENSG00000108406,8.955451011657715,26,55.0,0.0075445816186556925
GATA1,SLC25A6,SLC25A6,ENSG00000169100,8.9429292678833,29,56.0,0.007681755829903978
GATA1,DNAJB1,DNAJB1,ENSG00000132002,8.9080810546875,26,57.0,0.007818930041152264
GATA1,PIGT,PIGT,ENSG00000124155,8.896382331848145,25,58.0,0.007956104252400549
GATA1,TOMM6,TOMM6,ENSG00000214736,8.8936128616333,25,59.0,0.008093278463648833
GATA1,ITPKC,ITPKC,ENSG00000086544,8.87242603302002,32,60.0,0.00823045267489712
GATA1,RRAGA,RRAGA,ENSG00000155876,8.869101524353027,29,61.0,0.008367626886145405
GATA1,HDAC1,HDAC1,ENSG00000116478,8.843345642089844,27,62.0,0.00850480109739369
GATA1,HEATR5B,HEATR5B,ENSG00000008869,8.812736511230469,29,63.0,0.008641975308641974
GATA1,NOL12,NOL12,ENSG00000273899,8.7365083694458,32,64.0,0.008779149519890261
GATA1,SQLE,SQLE,ENSG00000104549,8.736200332641602,28,65.0,0.008916323731138546
GATA1,MED15,MED15,ENSG00000099917,8.722731590270996,26,66.0,0.00905349794238683
GATA1,AC100835.2,AC100835.2,ENSG00000275527,8.701556205749512,27,67.0,0.009190672153635117
GATA1,SLC25A17,SLC25A17,ENSG00000100372,8.70107364654541,30,68.0,0.009327846364883402
GATA1,DNAJC16,DNAJC16,ENSG00000116138,8.698357582092285,29,69.0,0.009465020576131687
GATA1,ZKSCAN1,ZKSCAN1,ENSG00000106261,8.695667266845703,25,70.0,0.009602194787379973
GATA1,CCDC174,CCDC174,ENSG00000154781,8.694859504699707,27,71.0,0.009739368998628258
GATA1,PRPF31,PRPF31,ENSG00000105618,8.684845924377441,31,72.0,0.009876543209876543
