TF,timepoint,trajectory_shift_days,trajectory_shift_se,trajectory_shift_p_value,interaction_p_value,consistent_guides,minimum_guide_shift,targeting_guides,trajectory_shift_fdr,interaction_fdr,trajectory_shift_supported
GATA1,day 7,-0.6770497635399044,0.09860135329940257,3.1884859894470067e-09,1.1903810253125022e-05,3,0.5001017002476227,GATA1_187;GATA1_261;GATA1_674,3.4010517220768074e-08,9.523048202500018e-05,True
GATA1,day 9,-0.681638007704285,0.1003781101502373,4.328043059261453e-09,1.1903810253125022e-05,3,0.7300424762484949,GATA1_187;GATA1_261;GATA1_674,3.462434447409162e-08,9.523048202500018e-05,True
GATA1,day 11,-0.85012118918502,0.15509848036735438,7.641181175407491e-07,1.1903810253125022e-05,3,0.4314447124367066,GATA1_187;GATA1_261;GATA1_674,4.075296626883995e-06,9.523048202500018e-05,True
GATA1,day 14,0.17589109031414774,0.14791966184404967,0.23879397425775437,1.1903810253125022e-05,3,0.010602787007677842,GATA1_187;GATA1_261;GATA1_674,0.31839196567700584,9.523048202500018e-05,False
NFE2,day 7,0.0164341938162198,0.08834498749208729,0.8529973393119534,7.64814684513944e-05,2,0.022453410768432658,NFE2_288;NFE2_533;NFE2_682,0.8529973393119534,0.0002289962236588953,False
NFE2,day 9,-0.13329936174234602,0.07933296787609641,0.0976360085807023,7.64814684513944e-05,3,0.16235645680742383,NFE2_288;NFE2_533;NFE2_682,0.16443959339907757,0.0002289962236588953,False
NFE2,day 11,-0.5880848790953509,0.11744071807936321,4.36412153760845e-06,7.64814684513944e-05,3,0.449232441008735,NFE2_288;NFE2_533;NFE2_682,1.9950269886210057e-05,0.0002289962236588953,True
NFE2,day 14,-0.5145656847111406,0.10841589333677189,1.1538626693275193e-05,7.64814684513944e-05,3,0.14289470037959026,NFE2_288;NFE2_533;NFE2_682,4.102622824275624e-05,0.0002289962236588953,False
GFI1B,day 7,-0.5668574897969654,0.09337787926032948,6.991286361356236e-08,8.587358387208574e-05,3,0.32076166640029125,GFI1B_140;GFI1B_413;GFI1B_526,4.474423271267991e-07,0.0002289962236588953,True
GFI1B,day 9,-0.616368571241868,0.08957468462525248,2.6348113297203975e-09,8.587358387208574e-05,3,0.45394135449043516,GFI1B_140;GFI1B_413;GFI1B_526,3.4010517220768074e-08,0.0002289962236588953,True
GFI1B,day 11,-0.9742792138735522,0.133394541380337,4.658565816815651e-10,8.587358387208574e-05,3,0.686825027926241,GFI1B_140;GFI1B_413;GFI1B_526,1.4907410613810082e-08,0.0002289962236588953,True
GFI1B,day 14,-0.06922871970994149,0.12650090349322785,0.5860468413656486,8.587358387208574e-05,3,0.16808043828582875,GFI1B_140;GFI1B_413;GFI1B_526,0.6251166307900251,0.0002289962236588953,False
BCL11A,day 7,-0.06473819504985512,0.09388578141937116,0.49289954042053385,0.032563177965731764,3,0.043813106435858895,BCL11A_476;BCL11A_686;BCL11A_752,0.5438891480502442,0.04341757062097568,False
BCL11A,day 9,-0.1769923328157118,0.08775995552714272,0.04779027166273284,0.032563177965731764,3,0.17717980904586605,BCL11A_476;BCL11A_686;BCL11A_752,0.0849604829559695,0.04341757062097568,False
BCL11A,day 11,-0.42494619007515866,0.13667763876243527,0.0027690795853490932,0.032563177965731764,3,0.11566546338179211,BCL11A_476;BCL11A_686;BCL11A_752,0.006816195902397768,0.04341757062097568,False
BCL11A,day 14,0.12760785103857097,0.13085724916064745,0.3330374947823928,0.032563177965731764,2,0.026523474667394947,BCL11A_476;BCL11A_686;BCL11A_752,0.3965191237839384,0.04341757062097568,False
TAL1,day 7,-0.419964455957067,0.08492069485119565,5.509615010949947e-06,0.0011523810152281177,3,0.31755798993587114,TAL1_523;TAL1_536;TAL1_556,2.203846004379979e-05,0.0023047620304562353,False
TAL1,day 9,-0.3337591434449082,0.08148560895028344,0.00011716819218592905,0.0011523810152281177,3,0.32360159990780923,TAL1_523;TAL1_536;TAL1_556,0.0003408529227227027,0.0023047620304562353,False
TAL1,day 11,-0.562380202035287,0.12433083347307654,2.599609626927216e-05,0.0011523810152281177,3,0.08666198659838109,TAL1_523;TAL1_536;TAL1_556,8.318750806167091e-05,0.0023047620304562353,True
TAL1,day 14,0.10458022686725976,0.11911228031428324,0.38313043188496426,0.0011523810152281177,2,0.0037370057718598324,TAL1_523;TAL1_536;TAL1_556,0.43786335072567345,0.0023047620304562353,False
KLF1,day 7,-0.20519875367689622,0.09338428865336361,0.03150971427952493,0.9210140024625771,3,0.11417081510178972,KLF1_347;KLF1_395;KLF1_636,0.05931240334969399,0.9210140024625771,False
KLF1,day 9,-0.2493164862259127,0.08566664573884855,0.004918051285629924,0.9210140024625771,3,0.19499751180548852,KLF1_347;KLF1_395;KLF1_636,0.011241260081439827,0.9210140024625771,False
KLF1,day 11,-0.28921006446781056,0.12979875532156795,0.029283763931743173,0.9210140024625771,2,0.11803305760227072,KLF1_347;KLF1_395;KLF1_636,0.058567527863486346,0.9210140024625771,False
KLF1,day 14,-0.18126610791450626,0.12222129542063256,0.1428082172440038,0.9210140024625771,2,0.14907811961108783,KLF1_347;KLF1_395;KLF1_636,0.21761252151467247,0.9210140024625771,False
GATA2,day 7,0.12228534898600074,0.08956536645080151,0.176788342468978,0.007238331760989956,3,0.054245683619471574,GATA2_176;GATA2_562;GATA2_752,0.24596638952205635,0.011581330817583928,False
GATA2,day 9,-0.035207801510615366,0.07986624789507288,0.660773423288208,0.007238331760989956,3,0.017722011541296823,GATA2_176;GATA2_562;GATA2_752,0.6820886950071824,0.011581330817583928,False
GATA2,day 11,-0.1636699848497285,0.11895554553509032,0.17350625195583932,0.007238331760989956,2,0.02097141603771509,GATA2_176;GATA2_562;GATA2_752,0.24596638952205635,0.011581330817583928,False
GATA2,day 14,-0.3906631692117024,0.11563850493228446,0.0012274132895504631,0.007238331760989956,3,0.2750152640608749,GATA2_176;GATA2_562;GATA2_752,0.0032731021054679017,0.011581330817583928,False
SPI1,day 7,0.3041202796719171,0.11422922051375088,0.009736769151454352,0.13290651327520325,3,0.15805002463897688,SPI1_140;SPI1_295;SPI1_69,0.020771774189769283,0.1518931580288037,False
SPI1,day 9,0.16547390845117985,0.10066363975238951,0.10496703641196371,0.13290651327520325,2,0.19007688690685187,SPI1_140;SPI1_295;SPI1_69,0.16794725825914195,0.1518931580288037,False
SPI1,day 11,0.1496509886151665,0.15012020469041604,0.32246637643855186,0.13290651327520325,2,0.10434171326402246,SPI1_140;SPI1_295;SPI1_69,0.3965191237839384,0.1518931580288037,False
SPI1,day 14,-0.1434995991061685,0.14762211886453402,0.334563010692698,0.13290651327520325,3,0.11374117845948935,SPI1_140;SPI1_295;SPI1_69,0.3965191237839384,0.1518931580288037,False
