TF,target,response_pattern,refined_response_pattern,unresolved_reason,stable_small_response_supported,near_threshold_persistent,common_effect,common_effect_se,common_effect_fdr,interaction_fdr,guide_testable,effective_guides_used,all_timepoint_same_direction,all_timepoint_guide_consistent,temporal_equivalence_supported,uniformly_negligible_supported,effect_day 7,effect_day 9,effect_day 11,effect_day 14,effect_fdr_day 7,effect_fdr_day 9,effect_fdr_day 11,effect_fdr_day 14,consistent_guides_day 7,consistent_guides_day 9,consistent_guides_day 11,consistent_guides_day 14,E1_supported
BCL11A,NBAS,unresolved_no_interaction,temporally_stable_small_response_supported,small_common_response_supported,True,False,-0.09312023142244204,0.02514275295728268,0.0031038741708183945,0.9485822671081364,True,2,True,True,True,False,-0.0784550961764752,-0.0847914922367119,-0.0993260984087817,-0.1344384625977464,0.2295532951168878,0.2901571043843785,0.5814368351898648,0.1849723481252027,3,2,2,3,False
BCL11A,CD36,unresolved_no_interaction,reason_coded_unresolved,near_zero_sign_crossing_common_unsupported,False,False,-0.050522767475443625,0.03431760536829772,0.28725658356707007,0.478615205684812,True,2,False,False,False,False,-0.0215657998341912,0.0149728634932736,-0.206508886962085,-0.1094104942252843,0.8877641026948118,0.9302459922381292,0.3010176501025453,0.4987382782875211,1,2,3,3,False
BCL11A,SOX6,unresolved_no_interaction,reason_coded_unresolved,near_zero_sign_crossing_common_unsupported,False,False,-0.0528923909641879,0.06568140888416825,0.5800327561931995,0.7307670582750736,True,2,False,False,False,False,-0.1278939431527098,0.0383576351248361,-0.2120529565518912,0.0358250013172054,0.5223922431280386,0.910493066003772,0.6444316816382823,0.9484152389132324,1,2,3,3,False
BCL11A,AC107223.1,unresolved_no_interaction,reason_coded_unresolved,near_zero_sign_crossing_common_unsupported,False,False,0.009213226652897137,0.041350288709092214,0.8983914140469955,0.560231410216532,True,2,False,False,False,False,0.0673371568230124,0.0658141559567864,-0.098032106619664,-0.1312380152011951,0.6084894638005979,0.6670003571903698,0.7443493538940761,0.5006103785126594,2,1,2,2,False
BCL11A,TFRC,unresolved_no_interaction,small_common_response_supported,small_common_response_supported,False,False,-0.05058407762220592,0.015532847598348092,0.00896809165661827,0.4107568309235098,True,2,False,False,True,False,-0.0372093578784352,-0.0559632955044295,-0.1264021672402271,0.0048913737432864,0.3988549475189193,0.229271917733264,0.0923987531818146,0.9692515561771186,3,3,3,1,False
BCL11A,H1F0,unresolved_no_interaction,reason_coded_unresolved,small_same_direction_not_equivalently_weak,False,False,-0.10398646089189613,0.04267111362470491,0.058609682300107636,0.6778348574270372,True,2,True,True,False,False,-0.1168952171161202,-0.0173790520870119,-0.1886810983100819,-0.1938307098520823,0.3079558713860714,0.9374328937865096,0.535033691485722,0.2641980695001159,3,2,3,3,False
BCL11A,MFHAS1,unresolved_no_interaction,reason_coded_unresolved,small_same_direction_not_equivalently_weak,False,False,-0.03189156111809385,0.028808554616811498,0.43109156085464145,0.5840399998133623,True,2,True,False,False,False,-0.003853446213001,-0.0033944102331461,-0.1648233609040634,-0.0278672598163012,0.9649129594209438,0.9831319102160206,0.3352301519646518,0.8885024148495961,1,1,3,3,False
BCL11A,MBOAT2,unresolved_no_interaction,small_common_response_supported,small_common_response_supported,False,False,-0.09853686784930657,0.027740898994082316,0.004402337944040621,0.6778348574270372,True,2,True,True,False,False,-0.0991201811905223,-0.0678043336042047,-0.0621488065355583,-0.1990869693198697,0.1607502758909436,0.4555288417899516,0.768373373512435,0.051644659358514,3,3,3,3,False
BCL11A,KLF13,unresolved_no_interaction,reason_coded_unresolved,near_zero_sign_crossing_common_unsupported,False,False,-0.04417907108897909,0.02835066763683212,0.2532034162548886,0.3989374553109798,True,2,False,True,False,False,0.0531340593061215,-0.0756516879104647,-0.139781005174542,-0.0756182601975086,0.5398544196955585,0.4130390136586449,0.4644995978160781,0.5759458471053123,2,3,3,2,False
BCL11A,PRDX2,unresolved_no_interaction,small_common_response_supported,small_common_response_supported,False,False,-0.06711679334773658,0.021274060996410726,0.0113405588530501,0.5184020307901149,True,2,True,False,True,False,-0.0129194893865749,-0.0678305069248955,-0.1514467478781071,-0.0935161631046578,0.8877641026948118,0.3053159222812519,0.1909254646317788,0.2853629090780182,1,3,3,3,False
BCL11A,ARL15,unresolved_no_interaction,reason_coded_unresolved,near_zero_sign_crossing_common_unsupported,False,False,-0.041290277345523645,0.04356805084276072,0.5074057877592002,0.6504108478835773,True,2,False,True,False,False,0.0089073090942733,-0.0256391930868311,-0.0005481040013434,-0.2109504209131711,0.951404310053352,0.910493066003772,0.9992627697867972,0.2328338706818136,2,2,2,3,False
BCL11A,AMMECR1,unresolved_no_interaction,reason_coded_unresolved,near_zero_sign_crossing_common_unsupported,False,False,-0.03979607698154676,0.02425508629796553,0.22309481560989927,0.1128804034710458,True,2,False,False,False,False,-0.1309534194432609,0.010947783615521,-0.1045600517943417,0.0838367389787393,0.021200646160736,0.9264883397099708,0.5469778842198386,0.4394568063424285,3,1,2,3,False
BCL11A,HBB,unresolved_no_interaction,reason_coded_unresolved,small_same_direction_not_equivalently_weak,False,False,-0.049058320524977335,0.020463053618935245,0.06238188675905129,0.6054152067242751,True,2,True,False,True,False,-0.0119346709902682,-0.0612342598414971,-0.1271211857821935,-0.0225498973979557,0.8903094385854009,0.3370227570743932,0.2963780699700286,0.8591023191948493,0,3,3,1,False
BCL11A,UROS,unresolved_no_interaction,reason_coded_unresolved,near_zero_sign_crossing_common_unsupported,False,False,-0.05608613959333095,0.02675166221483006,0.10968769553743221,0.5153402736727258,True,2,False,True,False,False,0.0222107417257189,-0.0687721827060767,-0.1062296867229744,-0.1340210913659067,0.8417188388277009,0.424830561115158,0.5814368351898648,0.2108198279040998,3,3,3,3,False
BCL11A,VRK1,unresolved_no_interaction,reason_coded_unresolved,small_same_direction_not_equivalently_weak,False,False,-0.077265332348314,0.035310579399122584,0.09191932632166043,0.8752673646657542,True,2,True,True,False,False,-0.0305786408354553,-0.0753412388180506,-0.127050169139897,-0.1266044357686398,0.835774818712376,0.5519932917679039,0.5942032044272909,0.4213446567008116,2,3,3,2,False
BCL11A,TNXB,unresolved_no_interaction,reason_coded_unresolved,meaningful_polarity_conflict_interaction_unresolved,False,False,-0.00166957863768515,0.06544415017246538,0.980658706931716,0.5841315318683553,True,2,False,True,False,False,-0.0906895595174882,0.1334201092702956,-0.2108207884856336,0.0626346384789024,0.6872736509448172,0.5728700597059749,0.6444316816382823,0.8887427820050734,2,3,2,2,False
BCL11A,DDIT4,unresolved_no_interaction,reason_coded_unresolved,near_zero_sign_crossing_common_unsupported,False,False,0.08628861704804597,0.06701614266968152,0.3559057816921985,0.9147846333664906,True,2,False,True,False,False,0.0972980934605358,0.1446473952998357,0.0536575656666445,-0.0349384366968932,0.661892965238124,0.5519932917679039,0.9228800763806996,0.9484152389132324,2,2,2,3,False
BCL11A,KAT2B,unresolved_no_interaction,reason_coded_unresolved,near_zero_sign_crossing_common_unsupported,False,False,-0.0054714414663155075,0.036812863953532275,0.9210201138392553,0.5683463541820194,True,2,False,False,False,False,-0.0066097843370062,0.0240771962145774,-0.1693483130369044,0.081260497377829,0.9581833943481716,0.905036867337199,0.508254418966302,0.6596091494524706,2,1,3,2,False
BCL11A,KEL,unresolved_no_interaction,reason_coded_unresolved,small_same_direction_not_equivalently_weak,False,False,-0.06479346230778513,0.027594945349989453,0.06874976018867536,0.5683463541820194,True,2,True,True,False,False,-0.0833805995537897,-0.0273825580285016,-0.1792273962456801,-0.0069664497466678,0.2519892018043477,0.8333152750532294,0.2569566488777601,0.978452304157048,2,3,3,3,False
BCL11A,ANKH,unresolved_no_interaction,reason_coded_unresolved,near_zero_sign_crossing_common_unsupported,False,False,-0.07202372234442256,0.03564635635880835,0.12579136463423213,0.6778348574270372,True,2,False,True,False,False,-0.0544472249891044,-0.0899360217937779,-0.1769105350392248,0.0297998898187446,0.6396136280420033,0.4414825630609997,0.4644995978160781,0.9061398104955036,2,3,3,2,False
BCL11A,HNRNPA3,unresolved_no_interaction,reason_coded_unresolved,small_same_direction_not_equivalently_weak,False,False,-0.0553473098312253,0.02256880375491513,0.05697293766604136,0.4049012551674053,True,2,True,True,False,False,-0.0581510268064717,-0.0166266200440708,-0.0151169622675375,-0.1728661978838432,0.3479762923258208,0.8930886192109916,0.9244998079233776,0.0362657796898222,3,3,2,3,False
BCL11A,TMCC2,unresolved_no_interaction,reason_coded_unresolved,meaningful_polarity_conflict_interaction_unresolved,False,False,-0.13803867932522992,0.161975621704466,0.5517732344774223,0.7274907072774965,True,2,False,False,False,False,0.1918846278937445,-0.3521914893781835,-0.3923580089857523,-0.0697148317567656,0.7387766172105665,0.5519932917679039,0.743749122981642,0.9579450962523862,3,3,1,1,False
BCL11A,ALAD,unresolved_no_interaction,reason_coded_unresolved,near_zero_sign_crossing_common_unsupported,False,False,-0.04742986726023877,0.04562686529747455,0.4678989833497768,0.8117396994106184,True,2,False,False,False,False,-0.052784235415557,0.0149086687437703,-0.1649311698008668,-0.0679200948769616,0.743543113072941,0.9394571881527846,0.5942032044272909,0.7965545642571042,2,1,3,3,False
BCL11A,CCDC14,unresolved_no_interaction,reason_coded_unresolved,near_zero_sign_crossing_common_unsupported,False,False,-0.04255627872107929,0.022047815472491013,0.14624395562278766,0.1103189375593745,True,2,False,False,False,False,0.0173314848033701,-0.0008102485781907,-0.1286392891161148,-0.1728050997586717,0.8489567223616662,0.9871250748588742,0.3329932174010033,0.0324999113145688,3,1,3,3,False
BCL11A,ATP2B1,unresolved_no_interaction,reason_coded_unresolved,near_zero_sign_crossing_common_unsupported,False,False,0.04142237163409653,0.03436208323260747,0.39029803110841677,0.6149204655797225,True,2,False,False,False,False,0.1343317849848876,-0.0027824718939182,0.0220544617657438,-0.0230334936913452,0.1176157484956686,0.9871250748588742,0.9244998079233776,0.936393712910876,3,1,1,3,False
BCL11A,XPO1,unresolved_no_interaction,reason_coded_unresolved,near_zero_sign_crossing_common_unsupported,False,False,-0.007140296278148776,0.02700114225381071,0.8767508990247084,0.5473953686408461,True,2,False,True,False,False,0.0231057796359334,0.026320181987934,-0.0184356050808029,-0.1299377332265927,0.8371997999273338,0.8372507976614033,0.9244998079233776,0.2359749008442038,3,3,2,3,False
BCL11A,GYPE,unresolved_no_interaction,reason_coded_unresolved,near_zero_sign_crossing_common_unsupported,False,False,-0.02078878791933946,0.06943395741212349,0.8647620132557619,0.843292792515562,True,2,False,True,False,False,0.0554728857704634,0.015058229114048,-0.1621140771444192,-0.1190935706492019,0.8475326480571137,0.9661325542104672,0.7493958325885882,0.7450659977999212,3,2,3,3,False
BCL11A,MTDH,unresolved_no_interaction,small_common_response_supported,small_common_response_supported,False,False,-0.06918764169180514,0.021736335099782577,0.01058735025656021,0.560231410216532,True,2,True,True,False,False,-0.0799060589512145,-0.0406893504937457,-0.0186628136801061,-0.1580396559053895,0.1478036719839112,0.6209613946510009,0.9219532832129116,0.0479772438316287,3,3,2,3,False
BCL11A,EIF4G3,unresolved_no_interaction,reason_coded_unresolved,near_zero_sign_crossing_common_unsupported,False,False,-0.03978927000973131,0.0419824124825105,0.5074057877592002,0.4950664918874216,True,2,False,False,False,False,-0.0276168296220798,0.0008493457408709,0.0581001464806153,-0.2435186844157906,0.8876470345094574,0.9918803582875678,0.8476035346422891,0.1412024444420929,3,1,3,3,False
BCL11A,ADD2,unresolved_no_interaction,reason_coded_unresolved,near_zero_sign_crossing_common_unsupported,False,False,-0.03740682800349219,0.04017392884145031,0.5173150243774715,0.7098654182779504,True,2,False,True,False,False,-0.0397214402059009,0.0289110818760639,-0.1645589547537073,-0.0638033251757433,0.8033876909864675,0.8966988424979062,0.5708557728982963,0.7783561423203194,3,2,3,2,False
BCL11A,KHDRBS1,unresolved_no_interaction,reason_coded_unresolved,near_zero_sign_crossing_common_unsupported,False,False,-0.03815785071427671,0.03341038120544601,0.4184193188582386,0.7174264556801869,True,2,False,False,False,False,-0.0416950835658492,-0.0109805036617954,0.0231908856412419,-0.1479452187184175,0.7258578477711426,0.9394571881527846,0.9244998079233776,0.2832022278358377,3,1,1,2,False
BCL11A,CD58,unresolved_no_interaction,reason_coded_unresolved,small_same_direction_not_equivalently_weak,False,False,-0.049539744849145424,0.02529832706850989,0.1392311388513579,0.5325720593049655,True,2,True,True,False,False,-0.030993319159508,-0.0084444459105532,-0.1672957328847048,-0.0689969372824013,0.7308118277972694,0.9394571881527846,0.2436383373277859,0.5647810722900518,3,2,3,2,False
BCL11A,NCEH1,unresolved_no_interaction,reason_coded_unresolved,common_response_temporal_pattern_unresolved,False,False,-0.13917879213182938,0.03621451370827288,0.002273977464482334,0.560231410216532,True,2,True,True,False,False,-0.2070533416510128,-0.0418355881643806,-0.1761858589691786,-0.1898250801930524,0.0143539261431288,0.7861900655880469,0.4728994811059576,0.1908825242623152,3,2,3,3,False
BCL11A,ZNF273,unresolved_no_interaction,reason_coded_unresolved,near_zero_sign_crossing_common_unsupported,False,False,-0.03407133308686959,0.03714573524962068,0.52373529854862,0.5089737328609713,True,2,False,True,False,False,0.0214427956826333,-0.0802525428347155,-0.1682247999254426,0.0837305584927599,0.8905975590673662,0.5519932917679039,0.5160731773428816,0.6526872752787192,2,2,3,2,False
BCL11A,HIST1H1E,unresolved_no_interaction,reason_coded_unresolved,small_same_direction_not_equivalently_weak,False,False,-0.06696637475994016,0.037607922318611965,0.18419356016626295,0.7323482562159784,True,2,True,False,False,False,-0.012701893604712,-0.0545783754869228,-0.0866999592333599,-0.1818374677985905,0.9373479364192834,0.7149312703380603,0.7525726928772896,0.2328338706818136,1,3,2,3,False
BCL11A,CPOX,unresolved_no_interaction,temporally_stable_small_response_supported,small_common_response_supported,True,False,-0.08532740562826757,0.03117388782975794,0.03097381858799305,0.9214043062044416,True,2,True,True,True,False,-0.0528938777755602,-0.0819812500216091,-0.1250209215385091,-0.119389366330583,0.5898064642822778,0.4130390136586449,0.5784571940123482,0.3732812544154746,2,3,3,3,False
BCL11A,TRIM10,unresolved_no_interaction,reason_coded_unresolved,near_zero_sign_crossing_common_unsupported,False,False,0.12342612114544008,0.05809989771510595,0.10378322834649073,0.594813419864043,True,2,False,False,False,False,0.2715113550295798,0.1080955408615667,-0.0194405690113113,0.0007901656984851,0.0531270379041199,0.6209613946510009,0.9590175778459896,0.9972278419072574,3,2,1,3,False
BCL11A,CNNM2,unresolved_no_interaction,reason_coded_unresolved,near_zero_sign_crossing_common_unsupported,False,False,-0.03712585634091306,0.03917482570900243,0.5074057877592002,0.5135662436524698,True,2,False,False,False,False,-0.1552392386968823,-0.0140017530414333,0.044740381695758,0.0658732620132057,0.1115086557178886,0.9394571881527846,0.8925546610057976,0.7514833296407644,3,2,2,1,False
BCL11A,EPRS,unresolved_no_interaction,reason_coded_unresolved,near_zero_sign_crossing_common_unsupported,False,False,-0.058637422915648614,0.02510493840744987,0.0705152341841744,0.2948473358099668,True,2,False,False,False,False,0.007691204138192,-0.0712288587802609,-0.0205223721555473,-0.1944342180045813,0.9373479364192834,0.3761740358074768,0.9219532832129116,0.0355275270262486,1,3,1,3,False
BCL11A,LTBP1,unresolved_no_interaction,reason_coded_unresolved,near_zero_sign_crossing_common_unsupported,False,False,-0.022571106489379825,0.05712963988944435,0.8051280971902125,0.415293276742317,True,2,False,True,False,False,0.1117674077325362,0.0309735159538155,-0.2019059286644194,-0.2382055247733887,0.5197785633302978,0.9191081676647934,0.5942032044272909,0.3190878620437174,2,2,3,3,False
BCL11A,PDZD8,unresolved_no_interaction,reason_coded_unresolved,near_zero_sign_crossing_common_unsupported,False,False,0.005021536065018585,0.02770657942763158,0.9071080290207065,0.4534732625306825,True,2,False,True,False,False,0.0283846991198134,0.0424310136001288,0.0225417886838606,-0.1395982814870109,0.7888857053550259,0.6858438071633516,0.9219532832129116,0.2108198279040998,2,3,2,2,False
BCL11A,IMPA2,unresolved_no_interaction,reason_coded_unresolved,small_same_direction_not_equivalently_weak,False,False,-0.06975952966132068,0.049598892365923256,0.3177689082986353,0.9592888374542716,True,2,True,True,False,False,-0.0909364108374857,-0.0425365296511769,-0.1281776779339207,-0.035597048302379,0.5492826116749985,0.8621116480566838,0.711016607381795,0.9278534194617846,2,2,3,3,False
BCL11A,NAPEPLD,unresolved_no_interaction,reason_coded_unresolved,near_zero_sign_crossing_common_unsupported,False,False,-0.006568719236536933,0.03655717500361161,0.9071080290207065,0.4543075986624701,True,2,False,False,False,False,-0.0168900688632679,0.0693799691294174,0.0206923524493348,-0.1803651332887705,0.907744520244559,0.6209613946510009,0.9271078825656148,0.2223246203459776,1,3,2,3,False
BCL11A,SNCA,unresolved_no_interaction,reason_coded_unresolved,near_zero_sign_crossing_common_unsupported,False,False,-0.07407494432255697,0.031264144344711746,0.06588144963325385,0.3989374553109798,True,2,False,True,False,False,-0.1655849183742365,-0.0517395684275397,-0.0842226603960591,0.0633405246873052,0.024031237312193,0.6635010364319378,0.7089526213117482,0.69317697036332,2,2,3,3,False
BCL11A,RAB6B,unresolved_no_interaction,reason_coded_unresolved,small_same_direction_not_equivalently_weak,False,False,-0.0835870125884826,0.04696995582388302,0.18419356016626295,0.843292792515562,True,2,True,False,False,False,-0.128457169240146,-0.0229739932771181,-0.1665407304856291,-0.0551431020577086,0.3082585192957754,0.9259223297835516,0.5942032044272909,0.849797208609932,1,1,2,3,False
BCL11A,TMEM120B,unresolved_no_interaction,reason_coded_unresolved,near_zero_sign_crossing_common_unsupported,False,False,-0.0405792632058075,0.04889800025889138,0.5634285758606536,0.4534732625306825,True,2,False,False,False,False,-0.0079444632868232,0.0616212119077845,-0.1188533349872769,-0.2594527914613534,0.9612863475151102,0.7581122880849795,0.743749122981642,0.1857463690928958,1,2,3,3,False
BCL11A,CPLANE1,unresolved_no_interaction,reason_coded_unresolved,near_zero_sign_crossing_common_unsupported,False,False,-0.06099595116849011,0.059687513291438905,0.47818417581815537,0.6778348574270372,True,2,False,True,False,False,0.0122547230629717,0.0024980162573788,-0.2129307400346726,-0.2051943969600802,0.951404310053352,0.9871250748588742,0.5942032044272909,0.4419464106809778,2,2,3,2,False
BCL11A,NSMCE2,unresolved_no_interaction,small_common_response_supported,small_common_response_supported,False,False,-0.08360171627166901,0.024593251267905476,0.006188924209621067,0.1179921648178691,True,2,False,False,False,False,-0.1079188156975967,0.0181652246202225,-0.1589246861238202,-0.1935785132172328,0.0747647893093856,0.8930886192109916,0.2577302056358928,0.0319509316000163,3,1,3,3,False
BCL11A,JADE1,unresolved_no_interaction,reason_coded_unresolved,near_zero_sign_crossing_common_unsupported,False,False,0.016657583895890213,0.03484664703825751,0.7682524627636246,0.6180799768768108,True,2,False,True,False,False,0.0333373927739392,0.0274694143624436,-0.128062944709957,0.0928734333536773,0.8123521681944014,0.8836102851542651,0.5942032044272909,0.5759458471053123,2,2,3,2,False
BCL11A,PRKAR2B,unresolved_no_interaction,reason_coded_unresolved,near_zero_sign_crossing_common_unsupported,False,False,-0.05000033866703922,0.03609070651594806,0.3215432777147038,0.6778348574270372,True,2,False,False,False,False,-0.0747873950962534,0.0089752090877305,-0.0184204091000558,-0.1619169207062298,0.4857987879160506,0.959080455380245,0.932589006233032,0.2751520442681672,3,1,2,1,False
BCL11A,CMAS,unresolved_no_interaction,small_common_response_supported,small_common_response_supported,False,False,-0.0800314037534372,0.0273905331630771,0.019511313423540157,0.4534732625306825,True,2,True,True,False,False,-0.0739281674529718,-0.0281437430080294,-0.2231140034532173,-0.0760951938722297,0.3178250743638177,0.818120155302983,0.0923987531818146,0.5632523036182225,3,3,3,3,False
BCL11A,TRIB3,unresolved_no_interaction,reason_coded_unresolved,near_zero_sign_crossing_common_unsupported,False,False,0.21070630754911285,0.15079072421386858,0.31978917047719047,0.7274907072774965,True,2,False,True,False,False,0.543180445354392,0.0961893205948355,0.0416349008550041,-0.0255899483892441,0.1566115713058749,0.905036867337199,0.9646675553224732,0.9803535928629494,3,2,2,3,False
BCL11A,TMEM233,unresolved_no_interaction,reason_coded_unresolved,moderate_common_estimate_imprecise,False,False,-0.1545645473625968,0.1150349989332045,0.33438605082921397,0.9821582605491463,True,2,True,True,False,False,-0.1523216870610366,-0.1801308606528198,-0.2112026003064719,-0.0501625279794423,0.6966476054382104,0.6736004399274755,0.8073498131577286,0.9576687217069358,2,3,3,2,False
GATA1,HMBS,unresolved_no_interaction,reason_coded_unresolved,guide_efficacy_limited,False,False,-0.08856050407366992,0.03985050868242072,0.0882680715460297,0.2984021551627289,False,1,False,True,False,False,-0.2193228406900867,-0.0526722395137475,-0.0451456609417161,0.0883021437778562,0.0129663790185114,0.7532779549214763,0.8940026978120843,0.6634695233798013,3,3,2,3,False
GATA1,CDC27,unresolved_no_interaction,reason_coded_unresolved,guide_efficacy_limited,False,False,-0.1130519994794843,0.032081766842202555,0.004684966233149917,0.1415934693869604,False,1,False,True,False,False,-0.2300805110803412,-0.0738897067335923,-0.1209230738310257,0.0724405896158326,0.0008713579387646,0.5369058837163855,0.5942032044272909,0.6594875854872003,3,3,3,2,False
GATA1,KLF13,unresolved_no_interaction,reason_coded_unresolved,guide_efficacy_limited,False,False,-0.10200543425068499,0.0420286505303633,0.05991951819768856,0.9348870183947487,False,1,True,True,False,False,-0.0871523612415066,-0.0752329871669479,-0.1795656809442447,-0.1230244823393951,0.4603358873495973,0.6504685267912523,0.5708557728982963,0.5485797570612823,2,3,3,3,False
GATA1,PDE12,unresolved_no_interaction,reason_coded_unresolved,guide_efficacy_limited,False,False,-0.10408338002278589,0.08392671570938688,0.37836631392870823,0.5184020307901149,False,1,True,False,False,False,-0.0373133337784039,-0.0151961076885648,-0.0229437557837676,-0.5211789859659735,0.907744520244559,0.9749550733266724,0.9646675553224732,0.1171393381162632,1,2,3,2,False
GATA1,ITSN1,unresolved_no_interaction,reason_coded_unresolved,guide_efficacy_limited,False,False,0.046356912435689214,0.06720912390226505,0.6463439761220611,0.8261568683725588,False,1,False,True,False,False,0.0437885795091454,0.0659437130289297,-0.132275170457642,0.1720815431568165,0.8812047429956155,0.8457844721817958,0.8038749177147981,0.5934370911827423,3,2,2,3,False
GATA1,RPSA,unresolved_no_interaction,reason_coded_unresolved,guide_efficacy_limited,False,False,-0.03142948106589128,0.0252032488224996,0.3761282116237341,0.2208690222481977,False,1,False,True,False,False,0.0311942422642579,-0.0292755717934887,-0.0146489563648789,-0.1923069027334126,0.70285050204861,0.7861900655880469,0.9271078825656148,0.0425023172883737,3,3,2,3,False
GATA1,CCDC14,unresolved_no_interaction,reason_coded_unresolved,guide_efficacy_limited,False,False,-0.10825687619201423,0.030299824013754594,0.004235012435409344,0.8509010139167891,False,1,True,True,True,False,-0.0927592565267307,-0.0793187611604968,-0.1471117767023005,-0.1706346691960896,0.2161856697696193,0.4382681379183897,0.4787083988734258,0.1676291873797544,2,3,3,3,False
GATA1,RPS4X,unresolved_no_interaction,reason_coded_unresolved,guide_efficacy_limited,False,False,0.030255712661941887,0.022995456217087075,0.3472156226200898,0.1570837994276701,False,1,False,True,False,False,0.089155004213927,0.0329207782330825,0.0539866144813265,-0.1296716141404645,0.1012222122196631,0.7250234465891208,0.7525726928772896,0.1676291873797544,3,3,3,3,False
GATA1,RPS3,unresolved_no_interaction,reason_coded_unresolved,guide_efficacy_limited,False,False,-0.0039791047496261995,0.019317416627993893,0.9005206131779125,0.1978693998112064,False,1,False,False,False,False,0.0520214320120943,-0.0054984879386183,-0.0045005276895117,-0.1262366384334584,0.282783394872236,0.9544868285288364,0.9674209755065056,0.0936815220510555,3,1,1,3,False
GATA1,RHAG,unresolved_no_interaction,reason_coded_unresolved,guide_efficacy_limited,False,False,-0.08472741751934879,0.03320845575278984,0.04670961415880227,0.3417208043998793,False,1,False,False,False,False,-0.1913800421076857,0.0012758246357529,-0.1119781700996663,-0.0066773308610716,0.0088384101322487,0.9871250748588742,0.6308043177273325,0.9803535928629494,3,1,3,1,False
GATA1,RPS8,unresolved_no_interaction,reason_coded_unresolved,guide_efficacy_limited,False,False,-0.007997486572523058,0.01927307291680599,0.7966829267146798,0.1415934693869604,False,1,False,False,False,False,0.0529606084442347,-0.009293409497044,-0.0149033630850213,-0.1360903301427152,0.2727901806675906,0.9259223297835516,0.9244998079233776,0.0631788369056186,3,1,2,3,False
GATA1,DIPK2A,unresolved_no_interaction,reason_coded_unresolved,guide_efficacy_limited,False,False,0.13109820438500128,0.05725378010793268,0.07767941442977966,0.7999925764175514,False,1,True,True,False,False,0.2262088912139891,0.057482502492149,0.0584476196226873,0.1429906467042115,0.0940371018824135,0.8372507976614033,0.9145939245715576,0.6108653236907876,3,2,2,3,False
GATA1,RPS9,unresolved_no_interaction,reason_coded_unresolved,guide_efficacy_limited,False,False,-0.027358529161154208,0.02262868784293857,0.39029803110841677,0.5184020307901149,False,1,False,True,False,False,0.0106535526230812,-0.025669109902289,-0.0080104003601032,-0.1341732998187451,0.9073907379920296,0.7934276928150809,0.9570827775562832,0.1412024444420929,2,3,2,3,False
GATA1,RPL3,unresolved_no_interaction,reason_coded_unresolved,guide_efficacy_limited,False,False,-0.0831038267733878,0.027810720739987714,0.017212726695803284,0.8509010139167891,False,1,True,True,False,False,-0.0812961600202463,-0.0907273977146893,-0.0164251461414238,-0.1312659417995739,0.2370795086920944,0.3097412047232564,0.9269103112812396,0.2576599223151904,3,3,3,3,False
GATA1,AGPAT4,unresolved_no_interaction,reason_coded_unresolved,guide_efficacy_limited,False,False,0.24386199309746884,0.1011717392634386,0.06161155706088991,0.7281038806505915,False,1,False,False,False,False,0.1783185195605104,0.4169961266832831,-0.0433737860526678,0.2766585340206647,0.5428597209296687,0.1704912365676177,0.9393211021697052,0.5759458471053123,1,3,1,2,False
GATA1,RPS18,unresolved_no_interaction,reason_coded_unresolved,guide_efficacy_limited,False,False,-0.0038968290145856115,0.026396919798361625,0.9210201138392553,0.0509736758292173,False,1,False,False,False,False,0.0762157356220201,0.0013945990865326,0.0256802952225374,-0.2225862862419419,0.2465428930686104,0.9871250748588742,0.919512976845451,0.0236289299538804,3,2,1,3,False
GATA1,COMMD3,unresolved_no_interaction,reason_coded_unresolved,guide_efficacy_limited,False,False,0.01618079901855596,0.04102245309144187,0.8051280971902125,0.5683463541820194,False,1,False,False,False,False,-0.0215822525803543,0.0906324237781449,0.0971310911247329,-0.1341390291127495,0.8933578941241653,0.5519932917679039,0.7525726928772896,0.4987382782875211,1,3,2,3,False
GATA1,CMAS,unresolved_no_interaction,reason_coded_unresolved,guide_efficacy_limited,False,False,-0.11319121102452362,0.030035900491004998,0.002654356212448804,0.1992975982659609,False,1,False,True,False,False,-0.224634275887063,-0.0638558224362144,-0.1096267335943278,0.0272380901389652,0.000618558289611,0.5728326671726608,0.5942032044272909,0.8946163685016977,3,3,3,2,False
GATA1,TLN1,unresolved_no_interaction,reason_coded_unresolved,guide_efficacy_limited,False,False,0.07237389969365127,0.032339952614414025,0.08621068841000337,0.3239858076195057,False,1,False,True,False,False,0.1730844597025644,0.0383477695675068,0.065770874272721,-0.0743828541422998,0.0160127574114263,0.7861900655880469,0.8020596000454301,0.6526872752787192,3,2,3,3,False
GATA1,NT5C2,unresolved_no_interaction,reason_coded_unresolved,guide_efficacy_limited,False,False,0.15243743301666843,0.03657598565640472,0.0009400245269300558,0.6137567009519469,False,1,True,True,False,False,0.2439600987591615,0.106453980897286,0.1215982834651554,0.0743690108614905,0.0020695992432543,0.3818163557861666,0.6444316816382823,0.6971376258450479,3,3,3,3,False
GATA1,XPO7,unresolved_no_interaction,reason_coded_unresolved,guide_efficacy_limited,False,False,0.048605150191961835,0.04033844040830652,0.39029803110841677,0.6778348574270372,False,1,False,False,False,False,0.0377482754812499,-0.0155365361480666,0.0729392516701525,0.1901934888128133,0.8033876909864675,0.9394571881527846,0.8150978280436945,0.2576599223151904,2,1,1,3,False
GATA1,TRNAU1AP,unresolved_no_interaction,reason_coded_unresolved,guide_efficacy_limited,False,False,-0.016857147483220526,0.0616680788150433,0.872892419624828,0.779949715373854,False,1,False,True,False,False,-0.0209540992322556,0.0843285655899754,-0.137665399966683,-0.1174849271425612,0.9328492768133214,0.7410465202066635,0.7700902344312969,0.7176391517507781,2,3,3,2,False
GATA1,EEF1G,unresolved_no_interaction,reason_coded_unresolved,guide_efficacy_limited,False,False,-0.06190140413615187,0.02521794196650678,0.05697293766604136,0.7239890688551928,False,1,True,True,False,False,-0.0420436871049349,-0.0486628152478696,-0.0427077801164597,-0.1527984085921606,0.5681105993503418,0.6209613946510009,0.8304776961208803,0.1316865027075373,3,3,3,3,False
GATA1,CPOX,unresolved_no_interaction,reason_coded_unresolved,guide_efficacy_limited,False,False,-0.10983462411723265,0.030649141379028442,0.00413423754838666,0.2208690222481977,False,1,False,False,False,False,-0.2248231702595194,-0.0417725052879816,-0.108749693923876,0.000162836239751,0.000706892566977,0.7416193904981,0.5984844245186499,0.998321904394943,3,2,3,1,False
GATA1,RPL8,unresolved_no_interaction,reason_coded_unresolved,guide_efficacy_limited,False,False,-0.0683080045593658,0.017984047028198214,0.0025663739915939158,0.3239858076195057,False,1,True,True,False,False,-0.041760732463711,-0.0752245315805623,-0.009393310595334,-0.1666210003174981,0.3822191696273584,0.1704912365676177,0.932589006233032,0.0118185374292347,3,3,2,3,False
GATA1,UROD,unresolved_no_interaction,reason_coded_unresolved,guide_efficacy_limited,False,False,-0.14325381230512083,0.02829469768376344,6.426758859842355e-05,0.2742617484594819,False,1,True,True,False,False,-0.2495736937572588,-0.0850069229428888,-0.0749736406435097,-0.0925699027579621,4.6095984421558543e-05,0.3629639254003446,0.711016607381795,0.4987382782875211,3,3,3,3,False
GFI1B,HELLS,unresolved_no_interaction,reason_coded_unresolved,guide_efficacy_limited,False,False,-0.04759351220700749,0.06173268964192784,0.6020062722901534,0.4534732625306825,False,1,False,False,False,False,-0.130522732487185,-0.1291332463337748,-0.0358031302694881,0.2566249925547296,0.4810835945723848,0.5728700597059749,0.9250767573383056,0.3043456013435892,3,3,2,1,False
GFI1B,NAPEPLD,unresolved_no_interaction,reason_coded_unresolved,guide_efficacy_limited,False,False,-0.07171565485649424,0.04013309383111425,0.1831148122041584,0.5184020307901149,False,1,False,True,False,False,-0.1114027812274078,-0.0642307668595435,-0.1906897597985671,0.0931878288690298,0.2982587739241381,0.6736004399274755,0.4728994811059576,0.6237173790708033,2,3,3,3,False
GFI1B,CENPP,unresolved_no_interaction,reason_coded_unresolved,guide_efficacy_limited,False,False,-0.11606962589876448,0.03610170631459774,0.009923260666461384,0.1747160288358435,False,1,False,False,False,False,-0.2364487712016739,-0.1116575333338278,-0.1182543324190702,0.09802340943474,0.0041739852553346,0.33374492940237,0.6262470675635056,0.5632523036182225,3,3,2,1,False
GFI1B,RDX,unresolved_no_interaction,reason_coded_unresolved,guide_efficacy_limited,False,False,0.035444502784314,0.031242125428184508,0.4191263803225864,0.4156671237327686,False,1,False,True,False,False,0.060261076554978,-0.0194392489880591,-0.0481433594984926,0.174532429635941,0.5247920102074086,0.910493066003772,0.8335327254150712,0.1460544564160862,3,2,3,3,False
GFI1B,SMC6,unresolved_no_interaction,reason_coded_unresolved,guide_efficacy_limited,False,False,-0.08189542578601955,0.03102139428340955,0.03858711369294037,0.3834988097931139,False,1,False,True,False,False,-0.1250679206409849,-0.118335959781084,-0.1012573409768354,0.0874277991985929,0.1049509755410082,0.2119831429964556,0.6262470675635056,0.5485797570612823,3,3,3,3,False
GFI1B,EXOC6,unresolved_no_interaction,reason_coded_unresolved,guide_efficacy_limited,False,False,-0.006300269801538,0.03324536385314436,0.905887981189385,0.0718084273193391,False,1,False,True,False,False,-0.0693196861314855,-0.0241331578931578,-0.1201386390738255,0.24729984348746,0.4852002492906224,0.8974487914050179,0.5942032044272909,0.0362657796898222,3,2,3,2,False
GFI1B,CARHSP1,unresolved_no_interaction,reason_coded_unresolved,guide_efficacy_limited,False,False,0.02594555966621147,0.03332096117603019,0.5985011918501033,0.4995074917044341,False,1,False,True,False,False,0.0412174588360177,0.0163890969802079,-0.114034297724329,0.1428629336667865,0.7287522400861666,0.9259223297835516,0.594987607715724,0.2834068642894949,3,2,3,3,False
GFI1B,EPB41L4A,unresolved_no_interaction,reason_coded_unresolved,guide_efficacy_limited,False,False,0.0035913138895003666,0.059224927672363314,0.9611467644990521,0.081180409194842,False,1,False,False,False,False,-0.2422097403141629,0.0172391465350439,0.0531303579490312,0.3829312154512619,0.1012222122196631,0.9519702765028036,0.919512976845451,0.0764435506384688,3,1,3,3,False
GFI1B,CASP8AP2,unresolved_no_interaction,reason_coded_unresolved,guide_efficacy_limited,False,False,-0.07894305529983275,0.03923548015743345,0.12722785043634077,0.1103189375593745,False,1,False,False,False,False,-0.0640394431665011,-0.1497729949706117,-0.2430550543020166,0.1825576501568457,0.6072170672412185,0.2119831429964556,0.2803568423790403,0.2361636672461231,1,3,3,2,False
GFI1B,LPIN2,unresolved_no_interaction,reason_coded_unresolved,guide_efficacy_limited,False,False,-0.07610877854226439,0.034889269024325084,0.09287515413278287,0.4155500740319993,False,1,False,True,False,False,-0.1787965973203703,-0.0699393239564296,0.072355715533505,-0.0334698361551489,0.0303846764988437,0.6110866129760217,0.7755068920362844,0.8822868248543027,3,2,3,2,False
GFI1B,HBA2,unresolved_no_interaction,reason_coded_unresolved,guide_efficacy_limited,False,False,-0.08952946501266014,0.026551504341729648,0.006623558536650554,0.5850363456282852,False,1,True,True,False,False,-0.1427017310969254,-0.0433698182205513,-0.1457041660186059,-0.033487228025077,0.0215113970496354,0.6670003571903698,0.3491686606758483,0.8261676803298482,3,2,3,3,False
GFI1B,ATAD2,unresolved_no_interaction,reason_coded_unresolved,guide_efficacy_limited,False,False,-0.07194052192325841,0.031662907225075976,0.0799447023821847,0.5089737328609713,False,1,True,True,False,False,-0.0310021958791032,-0.0749550629794051,-0.2227741526873922,-0.0054142883122116,0.8042545110050865,0.5047645911096835,0.1864753176961064,0.9803535928629494,2,3,3,2,False
GFI1B,COPS3,unresolved_no_interaction,reason_coded_unresolved,guide_efficacy_limited,False,False,0.012845691694188506,0.036628372383593726,0.8356892832361563,0.702017521401218,False,1,False,True,False,False,0.0219933411694755,-0.0463831737555486,-0.0002282480008521,0.1259421339027639,0.8886648496696877,0.7635265899207341,0.9992627697867972,0.4261122993413712,2,2,2,2,False
GFI1B,HSDL2,unresolved_no_interaction,reason_coded_unresolved,guide_efficacy_limited,False,False,-0.09703430310955934,0.04241035750769676,0.07767941442977966,0.8825843872037703,False,1,False,True,False,False,-0.114825856982104,-0.1166597518862474,-0.1258874963579493,0.0007074081183499,0.3148156861269049,0.4102550444163586,0.6681648940286512,0.9972278419072574,3,3,3,3,False
GFI1B,RACK1,unresolved_no_interaction,reason_coded_unresolved,guide_efficacy_limited,False,False,0.06481126597555815,0.017571997505297678,0.0031895069245985092,0.3834988097931139,False,1,True,True,True,False,0.0521366320065258,0.0225970113601636,0.093357305900646,0.1465937271705817,0.2617057863038742,0.7581122880849795,0.3782264538554373,0.0181239787026043,3,3,3,3,False
GFI1B,CDC6,unresolved_no_interaction,reason_coded_unresolved,guide_efficacy_limited,False,False,-0.03328231092431891,0.06462870903601792,0.7470856452784174,0.6892183340471726,False,1,False,True,False,False,-0.026078508049774,-0.0902943957352216,-0.1579988719825237,0.1793621388808778,0.9163524029419094,0.7312028219623712,0.7329500517175427,0.5497145837377442,2,3,3,2,False
GFI1B,DNMT1,unresolved_no_interaction,reason_coded_unresolved,guide_efficacy_limited,False,False,-0.09948527823017485,0.03736257549654852,0.03717120533521247,0.6658042867296838,False,1,False,False,False,False,-0.1723054445669004,-0.0739686650384521,-0.1282232871220675,0.0091127961548632,0.0553975103156019,0.616426381837575,0.5942032044272909,0.978452304157048,3,3,3,1,False
GFI1B,PARP1,unresolved_no_interaction,reason_coded_unresolved,guide_efficacy_limited,False,False,0.006971013751912586,0.048779644837454686,0.9210201138392553,0.5184020307901149,False,1,False,False,False,False,-0.0454640016619707,-0.0563017027001852,0.0048218394429917,0.2313284339213176,0.8167909177924957,0.7861900655880469,0.988031721490759,0.2303476242165363,2,3,1,3,False
GFI1B,CLSPN,unresolved_no_interaction,reason_coded_unresolved,guide_efficacy_limited,False,False,-0.050874168371650506,0.0372936556013567,0.33024939078387844,0.0970808355112377,False,1,False,True,False,False,-0.1617594931379311,-0.071082060194529,-0.0813337233837327,0.2203257222894892,0.0778784177323203,0.6209613946510009,0.768373373512435,0.1171393381162632,3,3,3,3,False
GFI1B,PCNA,unresolved_no_interaction,reason_coded_unresolved,guide_efficacy_limited,False,False,0.01857279719655907,0.03276191966827639,0.7190743568541262,0.4224032972629782,False,1,False,False,False,False,-0.0588863628693456,0.0043498510265998,0.0361625597449273,0.1732788533684409,0.5604620777169531,0.982172631755552,0.8925740008520833,0.1743252295051819,3,2,1,2,False
GFI1B,NEDD4,unresolved_no_interaction,reason_coded_unresolved,guide_efficacy_limited,False,False,0.07570562896198606,0.055589423102314184,0.33024939078387844,0.7491290495684038,False,1,False,True,False,False,-0.0237657757378525,0.0716558633734617,0.1590582888313734,0.1913789676905701,0.9143828549829294,0.7581122880849795,0.6772710654410862,0.4261122993413712,3,2,2,2,False
GFI1B,EXOC5,unresolved_no_interaction,reason_coded_unresolved,guide_efficacy_limited,False,False,-0.07195145456721223,0.03451283182538755,0.1116994309528419,0.843292792515562,False,1,True,True,False,False,-0.0675535673639766,-0.0617367070111142,-0.1592912755794547,-0.0218493664284396,0.5195608460520248,0.6454100421739539,0.4842519576576579,0.936558625209961,2,3,3,2,False
GFI1B,HBA1,unresolved_no_interaction,reason_coded_unresolved,guide_efficacy_limited,False,False,-0.10165601789782842,0.025465589209810995,0.0014573501156392005,0.4761558999226409,False,1,True,True,False,False,-0.1691196130464858,-0.0559895527387977,-0.1453504635714672,-0.0296254284216036,0.0036290831544844,0.5519932917679039,0.3329932174010033,0.8458084750300149,3,3,3,2,False
GFI1B,LDHB,unresolved_no_interaction,reason_coded_unresolved,guide_efficacy_limited,False,False,0.11811282667360438,0.05822729545835178,0.12419996141830655,0.2948473358099668,False,1,False,True,False,False,-0.0352615305798541,0.0616300297278607,0.2348942730619206,0.4072230120772402,0.8877641026948118,0.818120155302983,0.5708557728982963,0.0507905817551766,3,3,3,3,False
GFI1B,GMPS,unresolved_no_interaction,reason_coded_unresolved,guide_efficacy_limited,False,False,-0.06692336512587894,0.036215645903754236,0.16772808465166567,0.5033184635860452,False,1,False,True,False,False,-0.1508500391682836,-0.0649730493798894,-0.0736638740089044,0.0892765671076329,0.0938171830006258,0.6454100421739539,0.7824188811200126,0.5916348653146224,2,3,3,3,False
GFI1B,SYTL4,unresolved_no_interaction,reason_coded_unresolved,guide_efficacy_limited,False,False,0.08317614126924883,0.06127396816590197,0.33024939078387844,0.9788087327173716,False,1,True,False,False,False,0.0973648112297855,0.0566351272764309,0.0462059396003862,0.1433178839838833,0.6203601730130038,0.8518753640912949,0.9228800763806996,0.6190686629745471,2,2,2,1,False
GFI1B,UROD,unresolved_no_interaction,reason_coded_unresolved,guide_efficacy_limited,False,False,-0.09744193558457324,0.02486129208539723,0.0018104980087760983,0.2897053959110384,False,1,False,False,False,False,-0.1620493076692168,-0.1019533762331899,-0.1091281969157104,0.0406371605341718,0.004354602723481,0.1704912365676177,0.5259154718021544,0.7514833296407644,3,3,3,1,False
GFI1B,UBR2,unresolved_no_interaction,reason_coded_unresolved,guide_efficacy_limited,False,False,0.09316147795305671,0.029143754355066154,0.01028631925238705,0.6265199799744714,False,1,False,False,False,False,0.1352739062816592,0.1240320956096162,0.0437221529856764,-0.0012336002368496,0.0541668561464109,0.1520570438222569,0.8336299459881554,0.9948791538442876,3,3,3,1,False
KLF1,SLC4A1,unresolved_no_interaction,reason_coded_unresolved,meaningful_polarity_conflict_interaction_unresolved,False,False,0.002619169288395795,0.09004264362380682,0.980658706931716,0.8442577163586579,True,3,False,True,False,False,0.1459263244663962,-0.0486163987607336,-0.1571683849623871,0.0031059446296317,0.6203601730130038,0.9191081676647934,0.8150978280436945,0.9948791538442876,3,3,3,2,False
KLF1,CAT,unresolved_no_interaction,temporally_stable_small_response_supported,small_common_response_supported,True,False,-0.07918636274975915,0.021957633612023172,0.0038953045444868038,0.7643490043420739,True,3,True,True,True,False,-0.0716208715989924,-0.0883361467749264,-0.1314890101007519,-0.0271471711585096,0.2197831240636097,0.1704912365676177,0.29877193015299,0.8261676803298482,3,3,3,2,False
KLF1,SNCA,unresolved_no_interaction,reason_coded_unresolved,common_response_direction_inconsistent,False,False,-0.1404505073404344,0.03554605270457818,0.0016491759278529378,0.4763455337327376,True,3,False,True,False,False,-0.2188309986062351,-0.1532168313780643,-0.1421269551283959,0.021284027881235,0.009642953371352,0.1504605838472816,0.5708557728982963,0.9415853561118304,2,3,3,2,False
KLF1,OSBP2,unresolved_no_interaction,small_common_response_supported,small_common_response_supported,False,False,-0.11078978471895014,0.03263468289362096,0.006222470758115571,0.3629317336110537,True,3,False,True,False,False,-0.222548508125095,-0.0903378672676665,-0.0922292687387598,0.0225614641752844,0.0036290831544844,0.405463780616058,0.6843611271438962,0.9278534194617846,3,3,3,3,False
KLF1,GYPC,unresolved_no_interaction,small_common_response_supported,small_common_response_supported,False,False,-0.060565476305766114,0.01871847026510426,0.00940284213782289,0.1415934693869604,True,3,False,True,False,False,-0.1322185969752304,-0.0567881910016507,-0.0545379848393247,0.0491402159461639,0.0025467262912345,0.33374492940237,0.6713522602561297,0.5647810722900518,3,3,3,2,False
KLF1,JAZF1,unresolved_no_interaction,reason_coded_unresolved,near_zero_sign_crossing_common_unsupported,False,False,-0.021144529633510507,0.029882909952513248,0.6371172937530362,0.5776870113444966,True,3,False,True,False,False,0.0335546989108006,-0.0163676010940731,-0.1491351125509731,-0.0110823257871941,0.7603091051171994,0.9191081676647934,0.4526458510076124,0.9630684510241748,2,2,3,2,False
KLF1,EPOR,unresolved_no_interaction,small_common_response_supported,small_common_response_supported,False,False,-0.11609092366002707,0.034736696074099176,0.007143434462824031,0.7674508295135205,True,3,True,True,False,False,-0.1854273790467516,-0.1043869197325336,-0.0577181548426632,-0.0729003726062494,0.0271903346910148,0.3370227570743932,0.8233930635983557,0.6634695233798013,2,2,2,3,False
KLF1,ISG15,unresolved_no_interaction,reason_coded_unresolved,moderate_common_estimate_imprecise,False,False,0.1666423670327398,0.09264110121881598,0.18034175873690453,0.7239890688551928,True,3,True,True,False,False,0.0923870063711486,0.0507127337044325,0.4452622795565017,0.2827741844705299,0.8055148910422184,0.9191081676647934,0.4657018581355625,0.5006103785126594,3,3,3,2,False
KLF1,CDKN1A,unresolved_no_interaction,reason_coded_unresolved,meaningful_polarity_conflict_interaction_unresolved,False,False,-0.01081916125518002,0.11575358160949767,0.9456763097395511,0.6347408976751173,True,3,False,True,False,False,0.0357436918213343,0.1815454811240949,-0.0924389696763769,-0.4097684296698369,0.9373479364192834,0.6736004399274755,0.9219532832129116,0.4048757702503466,3,2,2,3,False
KLF1,CLEC2B,unresolved_no_interaction,reason_coded_unresolved,near_zero_sign_crossing_common_unsupported,False,False,0.25922989019831677,0.13710398181354616,0.15610703803522635,0.560231410216532,True,3,False,False,False,False,0.3985740212710457,-0.0719805644916552,0.2486821954201939,0.7040692237570444,0.282783394872236,0.925245406738836,0.8073498131577286,0.1851401059806209,3,1,2,3,False
KLF1,TSPAN5,unresolved_no_interaction,small_common_response_supported,small_common_response_supported,False,False,0.11888702773091916,0.04702599713358167,0.04905399150156836,0.6913421533814519,True,3,False,True,False,False,0.1701043945808296,0.1526206006296471,-0.0537932545060469,0.1155965411827822,0.167223848726057,0.3003758307355511,0.8880897087839525,0.5895718626490773,3,3,3,3,False
KLF1,SOX6,unresolved_no_interaction,reason_coded_unresolved,near_zero_sign_crossing_common_unsupported,False,False,-0.005142305976288024,0.06259847803552737,0.9510983762686969,0.9125865409661916,True,3,False,False,False,False,-0.0194193571379394,0.0287691596977475,-0.1293207199184211,0.0603899149168731,0.9373479364192834,0.9259223297835516,0.7755068920362844,0.8788598167986793,0,1,3,2,False
KLF1,TFRC,unresolved_no_interaction,small_common_response_supported,small_common_response_supported,False,False,-0.0750442233770047,0.020695973090173087,0.0037751304882723434,0.5089737328609713,True,3,False,True,False,False,-0.105558726518388,-0.0674784128042186,-0.1303326587218211,0.01084713905295,0.0367722449386801,0.3003758307355511,0.2577302056358928,0.9484152389132324,3,3,3,2,False
KLF1,MARK3,unresolved_no_interaction,temporally_stable_small_response_supported,small_common_response_supported,True,False,0.054670090554769936,0.01938139246077752,0.024766586332165812,0.568368604141395,True,3,True,True,True,False,0.0144384319074852,0.0515301105156278,0.0534507065907316,0.1310577247532642,0.8676174128494094,0.4130390136586449,0.6948023454997687,0.0574831818649565,2,3,3,3,False
KLF1,KLF13,unresolved_no_interaction,reason_coded_unresolved,near_zero_sign_crossing_common_unsupported,False,False,-0.044947441838436034,0.032571617188591646,0.32213562296137555,0.2271181746671969,True,3,False,True,False,False,0.0786703573638345,-0.0852221615989586,-0.2004352147321202,-0.0368568392809015,0.4102291732684505,0.4214234466681935,0.2824403358868708,0.849797208609932,3,2,3,2,False
KLF1,UBR4,unresolved_no_interaction,reason_coded_unresolved,near_zero_sign_crossing_common_unsupported,False,False,0.056417714250604815,0.02441784291703542,0.07426209388778243,0.2208690222481977,True,3,False,True,False,False,-0.010025733600346,0.0432576286731008,0.0505263196107306,0.2022433096081809,0.9163524029419094,0.6454100421739539,0.7755068920362844,0.0181239787026043,2,3,2,3,False
KLF1,MAFF,unresolved_no_interaction,reason_coded_unresolved,moderate_common_estimate_imprecise,False,False,0.21484052895487044,0.15808521944892143,0.33024939078387844,0.8926154675105041,True,3,True,False,False,False,0.0786317103571696,0.430120205953205,0.1255947661758505,0.0890891401255746,0.907744520244559,0.4079234219303154,0.9219532832129116,0.9460473571377624,1,2,2,3,False
KLF1,SLC6A9,unresolved_no_interaction,reason_coded_unresolved,near_zero_sign_crossing_common_unsupported,False,False,-0.03233244263420578,0.06949549765076198,0.7731939699043643,0.7274907072774965,True,3,False,False,False,False,-0.1328987317549987,0.0906769261982012,-0.1623449383549099,0.0048237960310776,0.5412872593204592,0.7492151512130908,0.7443493538940761,0.9948791538442876,2,2,3,1,False
KLF1,SLC6A19,unresolved_no_interaction,reason_coded_unresolved,moderate_common_estimate_imprecise,False,False,0.33405201560900477,0.1548513990244957,0.09700196567738763,0.7466007889537296,True,3,True,True,False,False,0.674119835049392,0.1644629172945044,0.144573320824796,0.2647302963175243,0.0849600480654747,0.8097792224085036,0.919512976845451,0.7345024639505036,3,3,2,3,False
KLF1,STX2,unresolved_no_interaction,reason_coded_unresolved,near_zero_sign_crossing_common_unsupported,False,False,-0.10724876147768263,0.04424587556392916,0.05991951819768856,0.5736767027594012,True,3,False,True,False,False,-0.1367742211292281,-0.1380481915991586,-0.1902815497750275,0.0796402631717221,0.2525503795904167,0.3177538458508287,0.5364590685924665,0.7176391517507781,2,3,3,3,False
KLF1,RBCK1,unresolved_no_interaction,reason_coded_unresolved,near_zero_sign_crossing_common_unsupported,False,False,-0.03281679676699735,0.04381430102491242,0.6116577075067288,0.7797014804538142,True,3,False,False,False,False,-0.0212871659110677,-0.0236925999979747,0.0547308627525715,-0.1487630293087466,0.907744520244559,0.9191081676647934,0.8670106028299995,0.4271840611239547,2,3,1,2,False
KLF1,SLC35F6,unresolved_no_interaction,reason_coded_unresolved,near_zero_sign_crossing_common_unsupported,False,False,0.09084764397996321,0.09624026051678618,0.5089658954165328,0.7447178232686813,True,3,False,True,False,False,0.027130357496005,-0.0252883228839724,0.1724833536326047,0.3640044389489384,0.9379599020726566,0.95862729900457,0.8073498131577286,0.3593042663198207,3,2,2,3,False
KLF1,MKNK2,unresolved_no_interaction,reason_coded_unresolved,common_response_temporal_pattern_unresolved,False,False,-0.15373964034236035,0.04247313987384291,0.0038115812971309167,0.5762333526411032,True,3,True,True,False,False,-0.2230319936342298,-0.0701334203458179,-0.2799936562049424,-0.0932817793127332,0.0305509308367813,0.6635010364319378,0.2436383373277859,0.6466484689504617,3,2,3,3,False
KLF1,NSUN3,unresolved_no_interaction,reason_coded_unresolved,near_zero_sign_crossing_common_unsupported,False,False,0.04570706056676433,0.05259036578474592,0.543283226966097,0.7274907072774965,True,3,False,False,False,False,0.0276878468807811,-0.0096788880705392,0.0139195226940904,0.2174955013642062,0.903948575163205,0.9749550733266724,0.9646675553224732,0.3029413056111835,1,2,2,3,False
KLF1,TBC1D15,unresolved_no_interaction,reason_coded_unresolved,near_zero_sign_crossing_common_unsupported,False,False,0.04207728182219686,0.02527247896963931,0.21635856966877773,0.230206157072684,True,3,False,False,False,False,-0.0076296645839763,0.0561591728214472,-0.0480038163643703,0.1784299437434528,0.9373479364192834,0.5413697947860483,0.8020596000454301,0.0461384062584155,1,2,3,3,False
KLF1,NEAT1,unresolved_no_interaction,reason_coded_unresolved,small_same_direction_not_equivalently_weak,False,False,0.07453358244491141,0.030115128758605968,0.054381675873438624,0.9214043062044416,True,3,True,True,True,False,0.057789577430465,0.0568692673254452,0.0868137292174038,0.1282827587377943,0.5398544196955585,0.6209613946510009,0.6740003104008749,0.2832022278358377,3,3,3,3,False
KLF1,MORC3,unresolved_no_interaction,reason_coded_unresolved,near_zero_sign_crossing_common_unsupported,False,False,-0.020798860039521062,0.024084440636334317,0.5450347446783874,0.1219098847727057,True,3,False,True,False,False,-0.0614238777887019,-0.0601356128750192,-0.0469591077920623,0.1520548067243458,0.3728876816114119,0.4479328718158668,0.8020596000454301,0.0809633339974243,2,3,3,3,False
KLF1,SLC2A4,unresolved_no_interaction,reason_coded_unresolved,near_zero_sign_crossing_common_unsupported,False,False,-0.18874111610837527,0.14242708203690585,0.34231209349055186,0.8752673646657542,True,3,False,True,False,False,-0.32601571121212,-0.0924181982513997,-0.3918504505462729,0.030426372880932,0.4480993512083074,0.905036867337199,0.6948023454997687,0.9786280912576942,3,2,2,2,False
KLF1,COMT,unresolved_no_interaction,reason_coded_unresolved,small_same_direction_not_equivalently_weak,False,False,0.0820973122462171,0.032789973875591155,0.051945933703492056,0.9147846333664906,True,3,True,False,True,False,0.125926257097586,0.0602229251941048,0.0492594718277473,0.0806612008032134,0.1375569004993936,0.6344683913011687,0.8336299459881554,0.5895718626490773,3,2,1,3,False
KLF1,WDR74,unresolved_no_interaction,reason_coded_unresolved,small_same_direction_not_equivalently_weak,False,False,0.07574913012071771,0.07830561241386216,0.5014065966386435,0.9592888374542716,True,3,True,True,False,False,0.053237469610256,0.0589093136960863,0.1971380586426664,0.0409583704534741,0.8865840644861278,0.8930886192109916,0.711016607381795,0.9484152389132324,2,2,2,2,False
KLF1,CITED2,unresolved_no_interaction,reason_coded_unresolved,common_response_temporal_pattern_unresolved,False,False,0.14576987812924483,0.046087341503454865,0.01115701948322065,0.6913421533814519,True,3,True,True,False,False,0.236205228289297,0.0559787660835313,0.1328962646788288,0.1850419743631614,0.0360693883062363,0.7745283927731857,0.6740003104008749,0.3190878620437174,3,3,2,2,False
KLF1,RHCE,unresolved_no_interaction,reason_coded_unresolved,meaningful_polarity_conflict_interaction_unresolved,False,False,0.056420503006853875,0.05408087201006691,0.4663961918755642,0.3740214767558627,True,3,False,False,False,False,0.2159658809637971,0.0753550856718798,-0.188985250972616,-0.0378256722900435,0.1184264449544545,0.7250234465891208,0.5942032044272909,0.9278534194617846,3,3,3,1,False
KLF1,DIPK2A,unresolved_no_interaction,reason_coded_unresolved,near_zero_sign_crossing_common_unsupported,False,False,0.10280855292134022,0.05145219531723333,0.130133540417541,0.6542658589237922,True,3,False,True,False,False,0.19266718302257,-0.0065405853925064,0.084072300942635,0.1880769424146614,0.1491816273115133,0.982172631755552,0.8294468317274039,0.3766101247068905,3,2,3,3,False
KLF1,UBALD2,unresolved_no_interaction,reason_coded_unresolved,near_zero_sign_crossing_common_unsupported,False,False,0.011180314592736064,0.04247145715910565,0.8767508990247084,0.2984021551627289,True,3,False,True,False,False,-0.0189394775954177,0.0878127343070801,-0.2269926892937762,0.1179655382478469,0.9143828549829294,0.5728326671726608,0.3770724623015922,0.5485797570612823,2,2,3,2,False
KLF1,SMIM1,unresolved_no_interaction,reason_coded_unresolved,near_zero_sign_crossing_common_unsupported,False,False,0.043726713973421774,0.03252342794027707,0.33438605082921397,0.4534732625306825,True,3,False,False,False,False,0.0502800421537884,-0.0059180760574584,-0.026569852590966,0.195881442620855,0.645154823644397,0.9749550733266724,0.9219532832129116,0.10481941716033,2,1,1,2,False
KLF1,GPX4,unresolved_no_interaction,reason_coded_unresolved,small_same_direction_not_equivalently_weak,False,False,0.05314402942434374,0.03795172366345728,0.31948917341757643,0.7496520527043287,True,3,True,False,False,False,0.012445819455496,0.0452799098920243,0.1774868823199296,0.0286169290074665,0.9373479364192834,0.7834043742140324,0.4786933691838754,0.9120018253183418,2,3,3,0,False
KLF1,AMMECR1,unresolved_no_interaction,small_common_response_supported,small_common_response_supported,False,False,-0.10077983057157841,0.029342702257785687,0.005721456852756701,0.1641537904086942,True,3,False,True,False,False,-0.2184738283641675,-0.0347472181439067,-0.1541632408618459,0.0137481153549819,0.0014055927299613,0.7861900655880469,0.3848244136917578,0.950041981636178,3,3,3,2,False
KLF1,TMEM140,unresolved_no_interaction,reason_coded_unresolved,meaningful_polarity_conflict_interaction_unresolved,False,False,0.2134620976014188,0.10572676791052893,0.12579136463423213,0.364504680701667,True,3,False,True,False,False,0.4431371874710901,0.3204854899805253,-0.3639328329723355,0.1141409532886524,0.1012222122196631,0.33374492940237,0.5942032044272909,0.8590406455188261,3,3,3,2,False
KLF1,RIPOR3,unresolved_no_interaction,reason_coded_unresolved,meaningful_polarity_conflict_interaction_unresolved,False,False,-0.003916482199699218,0.03137624940772224,0.9311278846140015,0.1023403654557358,True,3,False,False,False,False,-0.049696071954082,0.0176791389809141,-0.1776691822151303,0.1846021340368813,0.6349491525333798,0.9184567416823642,0.3338740000856354,0.116128947365335,2,1,3,3,False
KLF1,UBAC1,unresolved_no_interaction,small_common_response_supported,small_common_response_supported,False,False,-0.06484702931602664,0.018348937911567477,0.0045251487786635135,0.1415934693869604,True,3,False,True,False,False,-0.102252895438582,-0.0653890915457933,-0.1258238036685432,0.0543960463428642,0.0205249659460952,0.2339479484550833,0.2063642727712644,0.5112013207885905,3,3,3,2,False
KLF1,ANKH,unresolved_no_interaction,reason_coded_unresolved,meaningful_polarity_conflict_interaction_unresolved,False,False,-0.04114966384342568,0.034956402343565694,0.40385195889147246,0.1684892322642628,True,3,False,True,False,False,-0.0241826885599279,-0.1339259903845113,-0.1037606389883071,0.1741465785050361,0.8858733385403075,0.1948959752804629,0.6681648940286512,0.1980760422280858,2,3,3,2,False
NFE2,JAZF1,unresolved_no_interaction,small_common_response_supported,small_common_response_supported,False,False,0.10957217114929732,0.030060424301722614,0.0035892119061286475,0.6347408976751173,True,3,True,False,False,False,0.1167556317382331,0.1637656169951648,0.0060425237580905,0.0857729054323423,0.1465020874751652,0.0612422478773366,0.969473643922642,0.5112013207885905,3,3,1,3,False
NFE2,SLC4A1,unresolved_no_interaction,reason_coded_unresolved,moderate_common_estimate_imprecise,False,False,-0.12843239604916318,0.09484595437498577,0.3312070269532451,0.9147846333664906,True,3,True,False,False,False,-0.0615723046827529,-0.0705133672961254,-0.3004482784134905,-0.1906969742106727,0.8877641026948118,0.8930886192109916,0.6308043177273325,0.6634695233798013,1,3,3,3,False
NFE2,GYPA,unresolved_no_interaction,reason_coded_unresolved,near_zero_sign_crossing_common_unsupported,False,False,0.022873367687431805,0.035467340703608144,0.6763823511135804,0.3660695585140567,True,3,False,True,False,False,0.1080726003647236,0.0604638771363401,-0.156086208092356,-0.0231271888377807,0.2727901806675906,0.661970619096896,0.508254418966302,0.9295169662235632,3,2,3,2,False
NFE2,SLC25A37,unresolved_no_interaction,reason_coded_unresolved,near_zero_sign_crossing_common_unsupported,False,False,0.029914570980499496,0.03307801834035736,0.5299124820671756,0.4155500740319993,True,3,False,True,False,False,0.0729907940575304,0.0881573122953522,-0.1359880392569741,-0.0023461125359697,0.4847802060337989,0.4130390136586449,0.5487414301434157,0.9948791538442876,2,3,3,2,False
NFE2,SNCA,unresolved_no_interaction,temporally_stable_small_response_supported,small_common_response_supported,True,False,0.07883379486070509,0.026141627314064192,0.01597153557117065,0.575145490084116,True,3,True,True,True,False,0.0313864326725384,0.1470288469399787,0.0301395188725665,0.0644274686760828,0.7452622202411983,0.0571983910041052,0.8845410219113448,0.5763366065694417,3,3,2,3,False
NFE2,FECH,unresolved_no_interaction,temporally_stable_small_response_supported,small_common_response_supported,True,False,-0.10940926709654114,0.01925249377949211,1.138587221811512e-05,0.536916982522412,True,3,True,True,True,False,-0.0829571998143697,-0.0817019712151938,-0.1909493711604055,-0.131501728325214,0.1012222122196631,0.1516453865938076,0.0164805951644075,0.0460281133592665,3,3,3,3,False
NFE2,TSPAN5,unresolved_no_interaction,small_common_response_supported,small_common_response_supported,False,False,0.10766642543035,0.035119094326682344,0.014106217504026197,0.4416394139579582,True,3,False,True,False,False,0.1152698499571139,0.2002648509132764,-0.0250913229633529,0.0364190319959947,0.2295532951168878,0.0571983910041052,0.9244998079233776,0.8590406455188261,3,3,2,2,False
NFE2,GYPB,unresolved_no_interaction,reason_coded_unresolved,meaningful_polarity_conflict_interaction_unresolved,False,False,0.05046548398474521,0.056052120051815146,0.5299743871068069,0.5683463541820194,True,3,False,True,False,False,0.1039492670033691,0.1488022946684014,-0.161243455782338,-0.0333108582385535,0.5681105993503418,0.4130390136586449,0.6713522602561297,0.936558625209961,2,3,3,2,False
NFE2,CLK3,unresolved_no_interaction,reason_coded_unresolved,small_same_direction_not_equivalently_weak,False,False,0.10257009176579064,0.046880867424599654,0.09191932632166043,0.843292792515562,True,3,True,True,False,False,0.0974355893998464,0.1692365861477755,0.0619892817079932,0.0203813155809342,0.5163180231546047,0.2300724455213385,0.8488485794931554,0.9511703291230982,3,3,3,3,False
NFE2,ABCC4,unresolved_no_interaction,small_common_response_supported,small_common_response_supported,False,False,-0.11426483485242357,0.027696813361659703,0.0010395312420913212,0.6265199799744714,True,3,True,True,False,False,-0.1098046288132893,-0.0846851430012851,-0.0696899243690669,-0.2142115598793604,0.1349159006713187,0.33374492940237,0.7103525709244485,0.0226721401790065,3,3,3,3,False
NFE2,PRDX2,unresolved_no_interaction,near_threshold_persistent,near_threshold_persistent_response,False,True,0.14218679068529871,0.019418505667003885,5.345201163741219e-08,0.6589218556871617,True,3,True,True,True,False,0.1313665361718326,0.1531354376689724,0.0805417014766612,0.1905693341141229,0.0050906250807271,0.0020073470407167,0.5469778842198386,0.0026100183836578,3,3,3,3,False
NFE2,CD36,unresolved_no_interaction,reason_coded_unresolved,meaningful_polarity_conflict_interaction_unresolved,False,False,0.005367872263030796,0.034968000104226835,0.9200853463376815,0.3629317336110537,True,3,False,True,False,False,0.0004755577995857,0.023577211978701,-0.1720822995685992,0.1299537726126338,0.9973854819866164,0.9044446823408504,0.4513516766496241,0.3468649421688562,2,2,3,3,False
NFE2,CMAS,unresolved_no_interaction,small_common_response_supported,small_common_response_supported,False,False,0.07281804454915819,0.024697975666896035,0.018462200654220436,0.6589218556871617,True,3,True,False,False,False,0.0695674669258136,0.0531122780560622,0.0245312835872342,0.155666055862987,0.3208421593010597,0.5519932917679039,0.9091468629702396,0.0666182666948058,2,2,1,3,False
NFE2,TMCC2,unresolved_no_interaction,reason_coded_unresolved,meaningful_polarity_conflict_interaction_unresolved,False,False,-0.05198502401915613,0.13008406183937143,0.80367848807289,0.779949715373854,True,3,False,False,False,False,0.1857528900243477,-0.2243263513789898,-0.2004797811978247,0.0383940169223997,0.6920320659419993,0.658433533561364,0.8335327254150712,0.9692515561771186,3,1,1,3,False
NFE2,RFESD,unresolved_no_interaction,temporally_stable_small_response_supported,small_common_response_supported,True,False,-0.07730558414742689,0.021979923330016405,0.004684966233149917,0.7631398883228815,True,3,True,True,True,False,-0.0788556034779995,-0.0554059767294048,-0.1444422551861908,-0.0586556817769588,0.186782062211046,0.4479328718158668,0.2294956762607286,0.5485797570612823,3,3,3,3,False
NFE2,PTK2B,unresolved_no_interaction,reason_coded_unresolved,meaningful_polarity_conflict_interaction_unresolved,False,False,0.027559538115455577,0.038308434479879944,0.6296971553814676,0.3081822589115404,True,3,False,False,False,False,-0.0375884315160076,0.1138093499421747,0.1382453283072285,-0.1297343789882318,0.8167909177924957,0.3552152187377564,0.5942032044272909,0.4067431070594782,1,3,3,2,False
NFE2,ITSN1,unresolved_no_interaction,reason_coded_unresolved,common_response_temporal_pattern_unresolved,False,False,0.14159355970626958,0.05259784995457802,0.034786150260699464,0.9771522858919612,True,3,True,True,False,False,0.177479051578665,0.1494460773147047,0.0931211205686051,0.1141940647473998,0.2179032217526491,0.3832611853259788,0.8073498131577286,0.6350068365454898,3,2,3,3,False
NFE2,LRRN2,unresolved_no_interaction,reason_coded_unresolved,common_response_direction_inconsistent,False,False,0.35282792789440187,0.11301985476241508,0.012139473174978987,0.3823092466107897,True,3,False,True,False,False,0.4795361821270387,0.6076888952306824,-0.1695832074298171,0.131240028149445,0.1051430677332657,0.0626567182910401,0.8335528940571001,0.8305295315371426,2,3,2,2,False
NFE2,STX2,unresolved_no_interaction,reason_coded_unresolved,meaningful_polarity_conflict_interaction_unresolved,False,False,0.015417570721834696,0.03390424547739928,0.7791850993064705,0.1023403654557358,True,3,False,True,False,False,0.1309601173020946,0.0737948705590116,-0.175923788441849,-0.1045487170049833,0.1478036719839112,0.5519932917679039,0.3806820943136656,0.4748471103459757,3,2,3,3,False
NFE2,GYPE,unresolved_no_interaction,reason_coded_unresolved,meaningful_polarity_conflict_interaction_unresolved,False,False,0.03206694443422945,0.06345166886999797,0.7538052495456699,0.5303011696242652,True,3,False,True,False,False,-0.0085600381166856,0.2002444713765763,-0.1620972453384446,-0.0553643163102231,0.965891518190208,0.3177538458508287,0.7089526213117482,0.891052537682033,2,3,3,3,False
NFE2,KEL,unresolved_no_interaction,small_common_response_supported,small_common_response_supported,False,False,0.09015048130301664,0.022457013995316803,0.001409830179105725,0.5153402736727258,True,3,False,True,False,False,0.0936047242773473,0.1331738934288495,-0.0132985815757591,0.0927596020235551,0.1115086557178886,0.0450048031053517,0.9244998079233776,0.2792470603856323,3,3,2,3,False
NFE2,AGPAT4,unresolved_no_interaction,reason_coded_unresolved,near_zero_sign_crossing_common_unsupported,False,False,0.0196027318776919,0.07564106799511724,0.878651799211707,0.790163321685629,True,3,False,False,False,False,0.0895211742868,-0.1131330078368817,0.142946506354082,0.0570852114299999,0.7504925273783842,0.7030311152532542,0.8020596000454301,0.9081247079407062,0,3,3,1,False
NFE2,TLCD4,unresolved_no_interaction,reason_coded_unresolved,near_zero_sign_crossing_common_unsupported,False,False,-0.01907271770769369,0.031068205320226343,0.6906745828017523,0.5184020307901149,True,3,False,True,False,False,0.0056215778362917,0.0030205732870663,-0.1696900987055834,0.0308351951754701,0.96013999850363,0.9856747854550968,0.3414994093148639,0.8655396179872772,2,2,3,2,False
NFE2,FOXO3,unresolved_no_interaction,small_common_response_supported,small_common_response_supported,False,False,-0.08795489256933443,0.022751792459092892,0.002137065643768975,0.073586332393057,True,3,False,True,False,False,-0.0698991462957848,0.0011461282382199,-0.192311691030172,-0.192615383868101,0.2715823712143803,0.9871250748588742,0.0681321079127714,0.0116210407381886,2,2,3,3,False
NFE2,RNF11,unresolved_no_interaction,small_common_response_supported,small_common_response_supported,False,False,-0.11828949059019475,0.04002228162786538,0.018206934829976446,0.2948473358099668,True,3,False,True,False,False,0.0510360426088649,-0.1702383341559201,-0.1793987503445614,-0.2241954343258647,0.7327829464513803,0.1516453865938076,0.4980223666819093,0.1204230841667145,3,3,3,3,False
NFE2,TNXB,unresolved_no_interaction,reason_coded_unresolved,common_response_temporal_pattern_unresolved,False,False,-0.17834693372339624,0.05096996493931009,0.004869797468192765,0.6180799768768108,True,3,True,True,False,False,-0.0849659466690962,-0.2366379654446425,-0.3265857554061384,-0.0837836227069544,0.6203601730130038,0.1137106602966967,0.2436383373277859,0.7345024639505036,2,3,3,3,False
NFE2,CR1L,unresolved_no_interaction,reason_coded_unresolved,near_zero_sign_crossing_common_unsupported,False,False,-0.10571784639486614,0.04260074591137248,0.053762455009087766,0.2051266519841103,True,3,False,False,False,False,-0.0723274632237048,0.0306665395594395,-0.269353948196873,-0.2712588350370629,0.6129406406035106,0.8974487914050179,0.2436383373277859,0.0653744600471733,1,2,3,3,True
NFE2,AAK1,unresolved_no_interaction,small_common_response_supported,small_common_response_supported,False,False,-0.11955672183402388,0.031753522838856164,0.002654356212448804,0.8191334345823246,True,3,True,True,False,False,-0.0831569493891504,-0.1653844033668856,-0.0643697903019435,-0.1358187516870835,0.3728876816114119,0.0691236981115302,0.7755068920362844,0.2576599223151904,3,3,3,2,False
NFE2,USP32,unresolved_no_interaction,reason_coded_unresolved,near_zero_sign_crossing_common_unsupported,False,False,0.04036165734413656,0.01653288168763808,0.05827999959763251,0.1219098847727057,True,3,False,True,False,False,0.0162111548939385,0.0519348312236799,-0.0479959701835191,0.1304178593826381,0.8167909177924957,0.3177538458508287,0.6681648940286512,0.0189473857345296,3,3,2,3,False
NFE2,TSPO2,unresolved_no_interaction,reason_coded_unresolved,meaningful_polarity_conflict_interaction_unresolved,False,False,0.08250306169700153,0.12509523272885315,0.6688957117085327,0.6021445045323102,True,3,False,False,False,False,0.4412908243548076,0.0192519843431169,-0.1944162466694209,-0.1037070282508571,0.1948579866729535,0.98201398748514,0.8335327254150712,0.8942775697714026,3,0,3,3,False
NFE2,LINC00278,unresolved_no_interaction,reason_coded_unresolved,near_zero_sign_crossing_common_unsupported,False,False,0.024051045946229182,0.03136564891002594,0.6040155829835698,0.2263152487447841,True,3,False,True,False,False,0.0652662798563911,0.0533172654479668,-0.182601970012999,0.0834369311392797,0.5163180231546047,0.661970619096896,0.29877193015299,0.5485797570612823,2,2,3,3,False
NFE2,DECR1,unresolved_no_interaction,temporally_stable_small_response_supported,small_common_response_supported,True,False,-0.1231519396993525,0.021582393466624238,1.138587221811512e-05,0.5072841846896988,True,3,True,True,True,False,-0.0973837881289485,-0.0806238566502867,-0.1787274716361506,-0.1940207549926038,0.0827343645786343,0.2157667614679761,0.0703475478494933,0.0074389403194838,3,3,3,3,False
NFE2,MFSD2B,unresolved_no_interaction,reason_coded_unresolved,near_zero_sign_crossing_common_unsupported,False,False,0.031094037532023094,0.02378333342768494,0.3482444201155699,0.2051266519841103,True,3,False,False,False,False,0.0308393270668922,0.0028959685408942,-0.0637099288635032,0.1649329308054576,0.7290990292386084,0.9831319102160206,0.6948023454997687,0.0425023172883737,2,1,3,3,False
NFE2,MTMR3,unresolved_no_interaction,reason_coded_unresolved,small_same_direction_not_equivalently_weak,False,False,0.03964324082013849,0.028316579925825498,0.31948917341757643,0.7245100949286609,True,3,True,True,False,False,0.0021932926804217,0.0207325905794235,0.1312329788044341,0.0533055520850403,0.9877018704565595,0.8961078185456215,0.4784649211651816,0.69317697036332,3,2,3,3,False
NFE2,HBM,unresolved_no_interaction,reason_coded_unresolved,common_response_temporal_pattern_unresolved,False,False,-0.1361029473700579,0.052438662567980285,0.04234744102129003,0.5841465612758188,True,3,True,True,False,False,-0.147122015283001,-0.0302590518549859,-0.1324932282729511,-0.320256211839855,0.3232173777464011,0.9143970217314376,0.7089526213117482,0.0794575953289215,2,2,3,3,True
NFE2,NSUN3,unresolved_no_interaction,reason_coded_unresolved,near_zero_sign_crossing_common_unsupported,False,False,0.04729249151391867,0.048961327027197896,0.5014065966386435,0.6230730108668829,True,3,False,False,False,False,0.073123984255518,0.1356428886514196,-0.1163072258773904,-0.017188721602454,0.6754583807302111,0.405463780616058,0.7404354142389036,0.9630684510241748,2,3,2,1,False
NFE2,AC024267.1,unresolved_no_interaction,reason_coded_unresolved,meaningful_polarity_conflict_interaction_unresolved,False,False,0.01961768155301416,0.07948459996199786,0.8844022930770282,0.6504108478835773,True,3,False,True,False,False,0.1114330617418068,0.1319060664304402,-0.1350994644203809,-0.196510486786104,0.6947097923990483,0.6635010364319378,0.8150978280436945,0.5759458471053123,3,2,3,3,False
NFE2,RHD,unresolved_no_interaction,reason_coded_unresolved,near_zero_sign_crossing_common_unsupported,False,False,0.13360633411681513,0.06092446423659666,0.09166335036441385,0.5089737328609713,True,3,False,False,False,False,-0.044884871756044,0.2868890513078048,0.0790429689655352,0.1626446788282766,0.8799836898573321,0.1104312630508482,0.8547947569231545,0.5485797570612823,1,3,3,3,False
NFE2,PTPRA,unresolved_no_interaction,temporally_stable_small_response_supported,small_common_response_supported,True,False,0.10230807123644611,0.022194701706510816,0.0002452860575361437,0.7239890688551928,True,3,True,True,True,False,0.0733532815339716,0.0812706437874384,0.1280756768834879,0.1632432018580641,0.2279281774380243,0.2274869645691036,0.3010176501025453,0.0302797313387562,3,3,3,3,False
NFE2,RFX3-AS1,unresolved_no_interaction,reason_coded_unresolved,near_zero_sign_crossing_common_unsupported,False,False,0.022831962145180313,0.030659123394913064,0.6137785142047895,0.1128804034710458,True,3,False,True,False,False,0.0941541550464314,0.1006516980070176,-0.0704722694320404,-0.1503977445811865,0.2715823712143803,0.3003758307355511,0.7443493538940761,0.1865621750683514,3,3,2,3,False
NFE2,FRMD4A,unresolved_no_interaction,reason_coded_unresolved,common_response_temporal_pattern_unresolved,False,False,0.2621665102821773,0.07608227475905878,0.005597513425761062,0.7840280758727354,True,3,True,True,False,False,0.1076497511789302,0.3642065552409623,0.2942682460951429,0.2769420255647643,0.6932479016029028,0.1026644500700155,0.5784571940123482,0.3593042663198207,2,3,3,3,False
NFE2,LPIN2,unresolved_no_interaction,near_threshold_persistent,near_threshold_persistent_response,False,True,-0.1349835361011698,0.030616376187452526,0.00044898442121289533,0.9787848211767588,True,3,True,True,True,False,-0.1495637668074836,-0.111972362936121,-0.145446996174296,-0.1470838872632685,0.0541668561464109,0.2274869645691036,0.4644995978160781,0.1980760422280858,3,3,3,3,False
NFE2,NCEH1,unresolved_no_interaction,small_common_response_supported,small_common_response_supported,False,False,0.10507141765150971,0.027374997352936917,0.002281311454343823,0.230206157072684,True,3,False,True,False,False,0.0714647749314021,0.1427824348433417,-0.0400972351172687,0.2089691724904662,0.3744920095229306,0.0691236981115302,0.8336299459881554,0.0236289299538804,3,3,2,3,False
NFE2,IDS,unresolved_no_interaction,reason_coded_unresolved,near_zero_sign_crossing_common_unsupported,False,False,0.05263406071756282,0.07576658693561107,0.6435627036273225,0.911302303422306,True,3,False,False,False,False,-0.0109657852700347,0.0266144759944015,0.209300080119424,0.0634954395408079,0.9649129594209438,0.9394571881527846,0.6843611271438962,0.8942262996360721,1,2,3,2,False
NFE2,PPME1,unresolved_no_interaction,reason_coded_unresolved,near_zero_sign_crossing_common_unsupported,False,False,-0.013440664488658055,0.02847248636300515,0.7697744065677512,0.364504680701667,True,3,False,True,False,False,0.0100299745310297,0.060102247728172,-0.1313791550522755,-0.0856254611295448,0.9373479364192834,0.5640955718491266,0.4786933691838754,0.4913341133760538,2,2,3,2,False
NFE2,TMEM86B,unresolved_no_interaction,reason_coded_unresolved,meaningful_polarity_conflict_interaction_unresolved,False,False,0.08423890236156598,0.07420231590131357,0.4191263803225864,0.3660695585140567,True,3,False,True,False,False,0.3229280844052991,-0.028661067439719,-0.201348767295333,0.1790064923900889,0.0974967134165311,0.9394571881527846,0.6948023454997687,0.5802325783961323,3,2,3,2,False
NFE2,HADHA,unresolved_no_interaction,temporally_stable_small_response_supported,small_common_response_supported,True,False,0.07613080644879841,0.0205167250146663,0.003068976113413137,0.4555879879577976,True,3,True,True,True,False,0.0579881151899802,0.0463700099165013,0.059460336766874,0.1732408972275257,0.3197364636716808,0.5368765323644621,0.6681648940286512,0.0116210407381886,3,3,3,3,False
NFE2,SLC22A23,unresolved_no_interaction,small_common_response_supported,small_common_response_supported,False,False,-0.10287809013325548,0.024059698617197995,0.0006689276018251957,0.5089737328609713,True,3,True,False,False,False,-0.0298426121427525,-0.1089763562509577,-0.1856612275539346,-0.130930882497406,0.7387766172105665,0.1301038946733426,0.0959958911345649,0.1372854637302532,1,3,3,3,False
NFE2,TFR2,unresolved_no_interaction,reason_coded_unresolved,near_zero_sign_crossing_common_unsupported,False,False,0.049551313770977864,0.02908728475740789,0.20597678004604333,0.1119802589556,True,3,False,True,False,False,0.0746842215239146,-0.0238317593614423,-0.045797915218285,0.2300078606099617,0.3846446706328363,0.8785326941407834,0.8315743630109912,0.0189473857345296,3,3,3,3,False
NFE2,FAM117A,unresolved_no_interaction,reason_coded_unresolved,near_zero_sign_crossing_common_unsupported,False,False,0.05485500839916243,0.030713497699627997,0.1831148122041584,0.2674414485996006,True,3,False,True,False,False,0.0004161130497955,0.1025297740472151,-0.0877597795159514,0.1693414212400744,0.9973854819866164,0.2924182442483177,0.6713522602561297,0.1312466752109679,2,3,3,3,False
NFE2,HECTD4,unresolved_no_interaction,reason_coded_unresolved,near_zero_sign_crossing_common_unsupported,False,False,-0.05321277353976937,0.02551489057147128,0.1116994309528419,0.1499139780232275,True,3,False,True,False,False,-0.0703076429240728,0.048735892345456,-0.1245759149467153,-0.157048402413473,0.3372340894545637,0.6209613946510009,0.4542667927866541,0.0771880062934546,2,3,3,3,False
NFE2,SORBS1,unresolved_no_interaction,reason_coded_unresolved,common_response_temporal_pattern_unresolved,False,False,0.17943172545908667,0.05074805024695653,0.0045251487786635135,0.8752673646657542,True,3,True,True,False,False,0.114279482811026,0.2362174259936671,0.1283050678929194,0.2150695222912011,0.4766728759140106,0.1137106602966967,0.7089526213117482,0.2606844425646281,3,3,2,3,False
NFE2,AP000787.1,unresolved_no_interaction,reason_coded_unresolved,near_zero_sign_crossing_common_unsupported,False,False,-0.06860879120746595,0.06989847300517109,0.4956604252333355,0.7631398883228815,True,3,False,False,False,False,-0.1397740977461362,0.0527495075806847,-0.0610544922647535,-0.1945183905303328,0.5334264709262726,0.8930886192109916,0.919512976845451,0.5296814991405758,3,1,2,3,False
NFE2,CR1,unresolved_no_interaction,reason_coded_unresolved,meaningful_polarity_conflict_interaction_unresolved,False,False,0.04819788617805085,0.07850387852369894,0.6906745828017523,0.6180799768768108,True,3,False,True,False,False,-0.1465991274532157,0.0346746294996276,0.2201668168492436,0.220261678398856,0.5671620979157849,0.9302459922381292,0.6772710654410862,0.5243256859335932,2,2,3,3,False
NFE2,PEAR1,unresolved_no_interaction,reason_coded_unresolved,near_zero_sign_crossing_common_unsupported,False,False,0.04386287065025885,0.08791509929615915,0.7571232458815678,0.913023702577778,True,3,False,False,False,False,0.1099808199308018,0.0524215529864072,-0.1400542257703449,0.0850425731803231,0.7387766172105665,0.910493066003772,0.8304776961208803,0.8702098035645796,1,2,1,2,False
NFE2,RAP1GAP,unresolved_no_interaction,reason_coded_unresolved,common_response_temporal_pattern_unresolved,False,False,-0.2389831783228527,0.06871421968628014,0.005107312190279991,0.9214043062044416,True,3,True,True,False,False,-0.2443034631106408,-0.2676079251071813,-0.3067892621634769,-0.1197266926107868,0.1915801762604778,0.1928503585592619,0.5001759902256876,0.7176391517507781,3,3,3,3,False
NFE2,PHLPP2,unresolved_no_interaction,reason_coded_unresolved,meaningful_polarity_conflict_interaction_unresolved,False,False,0.05990448422251268,0.04652046481943985,0.3559057816921985,0.2695466258703544,True,3,False,True,False,False,0.1985801962009861,0.0842512111506064,0.0463606424453241,-0.1828668847501428,0.1037079364280295,0.6411761080097638,0.9091468629702396,0.306781059407927,3,3,2,3,False
NFE2,SLC6A9,unresolved_no_interaction,reason_coded_unresolved,meaningful_polarity_conflict_interaction_unresolved,False,False,0.07551665223007982,0.06993361663620579,0.44415865553969336,0.2490668406687976,True,3,False,True,False,False,0.085012933769352,0.301667087389333,-0.2452213602244934,-0.0878006624048471,0.743543113072941,0.1504605838472816,0.5942032044272909,0.8244655652587143,2,3,3,3,False
NFE2,CLEC2B,unresolved_no_interaction,reason_coded_unresolved,common_response_guide_inconsistent,False,False,0.33578565612675804,0.1272125330653014,0.03858711369294037,0.5442065301737703,True,3,True,False,False,False,0.1543586910283811,0.2312821393403953,0.9309381780560112,0.2969840725988386,0.743543113072941,0.6411761080097638,0.1275841980192449,0.5934370911827423,2,3,3,1,False
NFE2,TXNRD2,unresolved_no_interaction,reason_coded_unresolved,near_zero_sign_crossing_common_unsupported,False,False,0.04807441595740432,0.04336183414821651,0.43106493356676123,0.7459466275710456,True,3,False,True,False,False,0.0374010371601626,-0.0227103555991522,0.1252615768190171,0.130564468519022,0.8423334983120913,0.9253173914739214,0.6692337848302717,0.4913341133760538,2,2,3,2,False
NFE2,ASPH,unresolved_no_interaction,reason_coded_unresolved,small_same_direction_not_equivalently_weak,False,False,-0.07913713034022543,0.07418961467178646,0.45216539442766107,0.9814191754299628,True,3,True,False,False,False,-0.1056515857606358,-0.0673766411400693,-0.1252572860344608,-0.0218660165897074,0.6922024019374666,0.8518753640912949,0.8150978280436945,0.9692515561771186,3,3,2,1,False
NFE2,CTSL,unresolved_no_interaction,reason_coded_unresolved,small_same_direction_not_equivalently_weak,False,False,0.10402325640503161,0.060863351249579076,0.20586981013130085,0.9256815628692856,True,3,True,True,False,False,0.123553923613591,0.1527880147506778,0.0723957359355695,0.0104917356713493,0.5247920102074086,0.4479328718158668,0.8779369118816708,0.9803535928629494,2,2,3,3,False
NFE2,MGST3,unresolved_no_interaction,near_threshold_persistent,near_threshold_persistent_response,False,True,0.15332838219931882,0.029845887797451783,4.864571241922744e-05,0.9214043062044416,True,3,True,True,True,False,0.1366106814652855,0.1678143591519861,0.1096212644770989,0.1886991996196824,0.0778784177323203,0.0571983910041052,0.5942032044272909,0.0662538435405693,3,3,3,3,False
NFE2,SPECC1,unresolved_no_interaction,small_common_response_supported,small_common_response_supported,False,False,0.11470868453786587,0.02033581541407381,1.2477097999855234e-05,0.4155500740319993,True,3,True,True,False,False,0.1056706264201233,0.1497976533675595,0.0119476907281321,0.1503628867718727,0.0387851931067187,0.0049409924875589,0.9244998079233776,0.0302399990015084,3,3,2,3,False
NFE2,SAMD9L,unresolved_no_interaction,small_common_response_supported,small_common_response_supported,False,False,0.11264862356357662,0.03904117927791598,0.020937471233551157,0.6265199799744714,True,3,False,True,False,False,0.1347225742871772,0.1740541900729863,0.098965960802238,-0.0236135919147523,0.2066240457008129,0.1339273168994881,0.7089526213117482,0.936558625209961,3,3,3,3,False
NFE2,SWT1,unresolved_no_interaction,reason_coded_unresolved,meaningful_polarity_conflict_interaction_unresolved,False,False,0.04438434522892842,0.058620657804017706,0.608059582783441,0.2695466258703544,True,3,False,True,False,False,-0.0160659141374813,0.157153765178376,-0.277957176628869,0.1995201210505042,0.9396471828609232,0.4130390136586449,0.4644995978160781,0.4048757702503466,3,3,3,3,False
NFE2,RABGAP1L,unresolved_no_interaction,small_common_response_supported,small_common_response_supported,False,False,0.05891450740564786,0.01559427798527817,0.002613093862089628,0.1884623598099244,True,3,False,True,True,False,0.0699990295988227,0.0413810400229999,-0.0162918176842034,0.1390582877514785,0.0841574728789023,0.4130390136586449,0.8940026978120843,0.0078157230750921,3,3,2,3,False
NFE2,SLC36A1,unresolved_no_interaction,reason_coded_unresolved,near_zero_sign_crossing_common_unsupported,False,False,-0.050758985944891616,0.03419432852119034,0.28172644581635203,0.6913421533814519,True,3,False,False,False,False,-0.0492544728264462,0.0051850383855224,-0.1620195772940459,-0.0626867374365484,0.6904673209072044,0.98201398748514,0.4644995978160781,0.6971376258450479,1,2,3,3,False
NFE2,ART4,unresolved_no_interaction,reason_coded_unresolved,moderate_common_estimate_imprecise,False,False,0.18759481157559768,0.11634362796819764,0.2326826445711125,0.9356494438313548,True,3,True,True,False,False,0.3373988677247462,0.1276850995863405,0.158012894839775,0.0990875171469993,0.3053179415998016,0.7994884935335737,0.8444133685890874,0.8934035366914462,3,2,3,3,False
NFE2,GAB1,unresolved_no_interaction,reason_coded_unresolved,near_zero_sign_crossing_common_unsupported,False,False,-0.0041970155722881155,0.02385170210626566,0.9077912867259926,0.2058958750725813,True,3,False,False,False,False,-0.0104900153459453,0.0056534753976164,-0.1389994548322765,0.1017641141444784,0.9162188443334156,0.9606957960076524,0.29877193015299,0.2586256282521111,1,1,3,3,False
NFE2,WNK1,unresolved_no_interaction,temporally_stable_small_response_supported,small_common_response_supported,True,False,-0.08983242994386678,0.018649731197685544,0.00012799161637920399,0.4595169974395978,True,3,True,True,True,False,-0.0837931921922748,-0.0457236036410633,-0.1086287213662273,-0.1652856311168838,0.0841574728789023,0.4610944285824259,0.29877193015299,0.0080210693464955,3,3,3,3,False
TAL1,SLC25A37,unresolved_no_interaction,reason_coded_unresolved,guide_efficacy_limited,False,False,-0.09269940739905128,0.03726296264821733,0.053343123954792786,0.364504680701667,False,0,False,True,False,False,-0.2197331954940371,-0.0244644937810548,-0.1064954849909303,0.0240851603976775,0.0101087116523755,0.905036867337199,0.6843611271438962,0.936558625209961,3,2,2,3,False
TAL1,ABCC4,unresolved_no_interaction,reason_coded_unresolved,guide_efficacy_limited,False,False,0.10396115673546255,0.03918670189283533,0.037916993202181545,0.6778348574270372,False,0,True,True,False,False,0.1245260035225506,0.0301380012253349,0.2263780576271927,0.1088871011748035,0.2177112288123166,0.8930886192109916,0.3329932174010033,0.5632523036182225,2,2,3,3,False
TAL1,SLC2A1,unresolved_no_interaction,reason_coded_unresolved,guide_efficacy_limited,False,False,-0.04599766527600367,0.0411923708268265,0.42676100503607894,0.575145490084116,False,0,False,True,False,False,-0.1274570863030064,-0.0743025038095572,0.0873297194537864,0.0523732193939619,0.2285153281926005,0.6449399109655166,0.7755068920362844,0.8261676803298482,2,2,3,3,False
TAL1,BMP2K,unresolved_no_interaction,reason_coded_unresolved,guide_efficacy_limited,False,False,0.14617772217318095,0.03371269984684821,0.000560742768990541,0.8509010139167891,False,0,True,True,True,False,0.1975056414309568,0.106641070049148,0.1513745347234044,0.1249064708002115,0.0106770938884154,0.3177538458508287,0.5163702304397558,0.3929882976722654,2,3,3,3,False
TAL1,HERC1,unresolved_no_interaction,reason_coded_unresolved,guide_efficacy_limited,False,False,0.07206566518681629,0.02355617490990834,0.014270640061367185,0.3989374553109798,False,0,True,True,False,False,0.0208270567854657,0.0927582879697057,0.0170116763316883,0.1791856493948089,0.8275645699909463,0.1918949932814227,0.9244998079233776,0.0362657796898222,2,3,3,3,False
TAL1,GPCPD1,unresolved_no_interaction,reason_coded_unresolved,guide_efficacy_limited,False,False,0.1338766273458152,0.02970154767297677,0.0003407502681217864,0.9709191850525204,False,0,True,True,True,False,0.1174120236093523,0.1276009673697754,0.1698973525434794,0.1466176518643652,0.1086899813931153,0.1516453865938076,0.3352301519646518,0.2184536442615811,2,3,3,3,False
TAL1,TENT5C,unresolved_no_interaction,reason_coded_unresolved,guide_efficacy_limited,False,False,0.0471846726622321,0.04019109365260933,0.4048503567379683,0.8257784382827508,False,0,False,True,False,False,-0.0110461137964644,0.0460467647735165,0.1415312052777433,0.0775848640387925,0.9379599020726566,0.7861900655880469,0.5942032044272909,0.7073942449292829,3,2,3,3,False
TAL1,CDC27,unresolved_no_interaction,reason_coded_unresolved,guide_efficacy_limited,False,False,-0.07132741554998802,0.02281397858349038,0.012062249156245278,0.1393663436704674,False,0,False,False,False,False,-0.1730058215765081,0.0013714916216563,-0.0686951813942429,-0.029042803863104,0.0007342113966077,0.9871250748588742,0.6681648940286512,0.8261676803298482,3,1,2,1,False
TAL1,TMOD1,unresolved_no_interaction,reason_coded_unresolved,guide_efficacy_limited,False,False,-0.005739695403180826,0.039834159647052926,0.9210201138392553,0.478615205684812,False,0,False,False,False,False,-0.1324287345559145,0.0550395312210266,0.0193863287193868,0.090574164223272,0.1941048784641624,0.7312028219623712,0.9369260649535368,0.6466484689504617,3,1,2,3,False
TAL1,KLF3,unresolved_no_interaction,reason_coded_unresolved,guide_efficacy_limited,False,False,-0.007671580415639179,0.027282384246443424,0.8693247690294702,0.0875813081117899,False,0,False,True,False,False,-0.1343142901275934,0.0991924261433441,0.0130744527156133,-0.0058999387983056,0.0367722449386801,0.2297025230964242,0.9369260649535368,0.9786280912576942,3,2,3,2,False
TAL1,MALAT1,unresolved_no_interaction,reason_coded_unresolved,guide_efficacy_limited,False,False,0.1470527672868818,0.028622828413379254,4.864571241922744e-05,0.7578769200458321,False,0,True,True,True,False,0.2041634176744724,0.1078579768912593,0.1253708876517551,0.138343956758502,0.0015175977678664,0.2124857266918682,0.5364590685924665,0.2328338706818136,3,2,3,3,False
TAL1,NEAT1,unresolved_no_interaction,reason_coded_unresolved,guide_efficacy_limited,False,False,0.20271045953203642,0.03368248528833279,4.4430372434626665e-06,0.7239890688551928,False,0,True,True,False,False,0.2483203783452905,0.1327659987811082,0.2204490147365726,0.2461511399423981,0.001004312455027,0.1918949932814227,0.2436383373277859,0.0461384062584155,3,3,3,3,False
TAL1,RAPGEF2,unresolved_no_interaction,reason_coded_unresolved,guide_efficacy_limited,False,False,0.12968643478170233,0.026980569198089055,0.0001298766866457945,0.843292792515562,False,0,True,True,True,False,0.151516308976553,0.1463762154505537,0.1198662177598555,0.0600904606322256,0.0151207517920526,0.0625980346216667,0.5259154718021544,0.6535075088086494,3,3,3,2,False
TAL1,ZBTB7A,unresolved_no_interaction,reason_coded_unresolved,guide_efficacy_limited,False,False,-0.07581056076724545,0.031334742193004556,0.06028835344682,0.6589218556871617,False,0,True,True,False,False,-0.009062579285325,-0.1325073338126767,-0.1151282148630111,-0.0498960291370392,0.9373479364192834,0.1516453865938076,0.5942032044272909,0.7754843485691346,2,3,3,2,False
TAL1,COX7B,unresolved_no_interaction,reason_coded_unresolved,guide_efficacy_limited,False,False,0.1085162620916937,0.022857755775167462,0.00015456325493987732,0.6589218556871617,False,0,True,True,True,False,0.0662927341483822,0.1137439711627858,0.1883969351246502,0.1070995918632507,0.2689958404652316,0.0870520421464865,0.0885970828134525,0.2466422586584871,3,3,3,3,False
TAL1,GMPR,unresolved_no_interaction,reason_coded_unresolved,guide_efficacy_limited,False,False,-0.06600297116439229,0.023276350246522057,0.02391458676094904,0.3989374553109798,False,0,False,True,False,False,-0.1260545054821905,-0.0646342115706574,-0.0633629460791916,0.0467928673071612,0.0198286004921809,0.405463780616058,0.7000196518820033,0.6934350803081509,3,3,2,2,False
TAL1,NATD1,unresolved_no_interaction,reason_coded_unresolved,guide_efficacy_limited,False,False,0.03988062209032337,0.06940224310412808,0.7139825765786452,0.7385102757495893,False,0,False,True,False,False,0.0873244152788151,0.0377640312242667,-0.1850865653069653,0.157542107819384,0.7164831843631663,0.9191081676647934,0.7089526213117482,0.6466484689504617,3,2,3,3,False
TAL1,RIOK3,unresolved_no_interaction,reason_coded_unresolved,guide_efficacy_limited,False,False,0.05717825146179663,0.030563715815324896,0.1622932609551765,0.6589218556871617,False,0,False,True,False,False,0.0771018735853109,-0.0109775446190606,0.1253633232646606,0.1010308737698655,0.3545098366533561,0.9394571881527846,0.5708557728982963,0.4748471103459757,3,3,3,3,False
TAL1,VPS13B,unresolved_no_interaction,reason_coded_unresolved,guide_efficacy_limited,False,False,0.06619828121924592,0.022850077329521684,0.020641637724185008,0.6442304531649774,False,0,True,True,True,False,0.0125700659119618,0.0830337516044792,0.076051690958377,0.1266882129658979,0.8933578941241653,0.2297025230964242,0.6262470675635056,0.1632173367297853,2,3,3,2,False
TAL1,CHD2,unresolved_no_interaction,reason_coded_unresolved,guide_efficacy_limited,False,False,0.083638306831849,0.028089802670148427,0.017332096310246937,0.6180799768768108,False,0,True,True,False,False,0.0884749780397234,0.0539689759168131,0.0258553172918327,0.1905524923562958,0.2197831240636097,0.6209613946510009,0.919512976845451,0.0662538435405693,3,3,3,3,False
TAL1,FBXO11,unresolved_no_interaction,reason_coded_unresolved,guide_efficacy_limited,False,False,0.12615074341044805,0.02805029125030063,0.0003464151747564724,0.8261568683725588,False,0,True,True,True,False,0.1680905357728175,0.1234738603641858,0.1097252479129741,0.0644350343725586,0.0088758676984317,0.1458722107218115,0.5814368351898648,0.6439062204037381,3,3,3,3,False
TAL1,MARCH8,unresolved_no_interaction,reason_coded_unresolved,guide_efficacy_limited,False,False,0.10446875333604719,0.03319944649570359,0.011531592261729612,0.5762333526411032,False,0,True,True,False,False,0.015512562905167,0.1363710073671999,0.122223106307382,0.1950165009748676,0.907744520244559,0.1704912365676177,0.5942032044272909,0.1343172414416764,2,3,3,3,False
TAL1,GALNT5,unresolved_no_interaction,reason_coded_unresolved,guide_efficacy_limited,False,False,-0.0816533910232091,0.04120949027297298,0.1336564524489222,0.4763455337327376,False,0,False,True,False,False,-0.1412217856453231,-0.1124308827644193,-0.1096734529795792,0.1270203487155862,0.1780662165527347,0.4102550444163586,0.7089526213117482,0.5112013207885905,3,3,2,3,False
TAL1,MOB1B,unresolved_no_interaction,reason_coded_unresolved,guide_efficacy_limited,False,False,0.08042348955471795,0.02781765944381295,0.020735981764949507,0.8445689798445332,False,0,True,True,False,False,0.0574290715105863,0.0909694619552385,0.0398322973507194,0.1403832598924415,0.4852002492906224,0.3003758307355511,0.8419631082814093,0.2108198279040998,2,3,2,3,False
TAL1,MARCH3,unresolved_no_interaction,reason_coded_unresolved,guide_efficacy_limited,False,False,0.09807509374369151,0.04114239783841046,0.063981384425203,0.6347408976751173,False,0,True,True,False,False,0.1955442462904588,0.0285410189514308,0.0342248283221131,0.1134960810154948,0.0445464922577833,0.8985964452140581,0.9219532832129116,0.5632523036182225,2,2,3,3,False
TAL1,KIAA0232,unresolved_no_interaction,reason_coded_unresolved,guide_efficacy_limited,False,False,0.015369481563388757,0.029222674220507075,0.7447917368816476,0.0509736758292173,False,0,False,False,False,False,-0.1388742619020546,0.0985774053358643,0.1273053257685745,0.0382939892134189,0.0445464922577833,0.2924182442483177,0.5370422265328506,0.8261676803298482,3,2,3,1,False
TAL1,BCL2L1,unresolved_no_interaction,reason_coded_unresolved,guide_efficacy_limited,False,False,0.055729475647168146,0.038712497976170684,0.3030642449851828,0.6320872760140445,False,0,False,False,False,False,-0.0163828221081518,0.0655689764825243,0.0375561453302893,0.1932563624405407,0.9143828549829294,0.661970619096896,0.919512976845451,0.2108198279040998,1,2,2,3,False
TAL1,ACSM3,unresolved_no_interaction,reason_coded_unresolved,guide_efficacy_limited,False,False,0.02266671875209749,0.09091396669529887,0.8838475046370866,0.7239890688551928,False,0,False,False,False,False,0.047683031381065,0.1731111483399054,-0.1824830221695265,-0.1597203169937922,0.8995722541014055,0.6209613946510009,0.7939039608236668,0.735650976356401,3,3,2,1,False
TAL1,NCOA4,unresolved_no_interaction,reason_coded_unresolved,guide_efficacy_limited,False,False,0.11737333171090712,0.03550537950818914,0.00784854069918795,0.7579668986804257,False,0,True,True,False,False,0.1880366113071513,0.0678610230833008,0.1003683375468045,0.0997548017552203,0.0220062267464933,0.6209613946510009,0.6945312126624206,0.5588013996007358,3,3,3,3,False
TAL1,HNRNPUL1,unresolved_no_interaction,reason_coded_unresolved,guide_efficacy_limited,False,False,-0.07648339173257891,0.03209355216806925,0.063981384425203,0.5666889667868622,False,0,True,True,False,False,-0.0913541306132496,-0.0116132109509476,-0.0575816703519506,-0.2031860139364615,0.2757615714500246,0.9394571881527846,0.8132470224431609,0.0949276717962789,3,3,2,3,False
TAL1,PHB,unresolved_no_interaction,reason_coded_unresolved,guide_efficacy_limited,False,False,-0.17401148157656918,0.08047643787884412,0.09630247390796443,0.4412677701288867,False,0,False,True,False,False,-0.1966239428239671,-0.0485311904191565,0.0099303061577542,-0.5664675221898811,0.3750800273859371,0.910493066003772,0.9841550889713596,0.0561631709919348,3,2,2,3,False
TAL1,NT5C2,unresolved_no_interaction,reason_coded_unresolved,guide_efficacy_limited,False,False,0.08090283142259579,0.033671253039009204,0.061878151861678395,0.6277684283192458,False,0,True,True,False,False,0.1675216992633,0.0295336506565953,0.036445620992873,0.0610574776846148,0.0346299314540634,0.8621116480566838,0.8940026978120843,0.7275988693554221,3,3,2,2,False
TAL1,MAN1A1,unresolved_no_interaction,reason_coded_unresolved,guide_efficacy_limited,False,False,0.10045474394963741,0.034120540414240674,0.018560712221965436,0.5762333526411032,False,0,False,False,False,False,0.1655778962466005,0.0608542105053071,-0.0145637968560333,0.16251518006841,0.0397851209757594,0.6454100421739539,0.9393211021697052,0.2361636672461231,3,2,1,3,False
TAL1,SH2B3,unresolved_no_interaction,reason_coded_unresolved,guide_efficacy_limited,False,False,0.06902688177118875,0.041004509545383545,0.21221638724974282,0.2058958750725813,False,0,False,True,False,False,0.2117639210409314,0.0470349400850375,0.0596286921841138,-0.1561728394861819,0.0267831245043258,0.7861900655880469,0.8419631082814093,0.3732812544154746,3,2,3,3,False
TAL1,ARMC1,unresolved_no_interaction,reason_coded_unresolved,guide_efficacy_limited,False,False,-0.045208758077890134,0.05588691681759425,0.5784567150342348,0.7239890688551928,False,0,False,True,False,False,-0.0177062197484998,0.0362189473505661,-0.1222611745822556,-0.2025861809326484,0.9373479364192834,0.905036867337199,0.7689757538108886,0.4081010157531777,2,2,3,2,False
TAL1,EIF4EBP1,unresolved_no_interaction,reason_coded_unresolved,guide_efficacy_limited,False,False,-0.13862225109675688,0.07542261759922025,0.17064163093307735,0.7274907072774965,False,0,True,False,False,False,-0.0413821353079262,-0.1485203500025203,-0.0629831177145416,-0.3782026442225248,0.8933578941241653,0.6156078220434557,0.9219532832129116,0.2108198279040998,2,3,1,2,False
