target,guide,n_cells,crossfit_median_score,bootstrap_null_q95,bootstrap_p_value,direction_spearman,signature_genes,bootstrap_fdr,effective_guide
GATA1,GATA1_187,351,0.047245519470899555,0.1115047257530019,0.22877122877122877,0.5317949950015353,UBE2E3;MAP4K4;TSTA3;GPX4;FLACC1;ASCC3;PPME1;FAXDC2;C9orf78;TCEA1;ATP5MPL;STOM;GNAQ;NR3C1;MED28;MAN2A1;FBXL20;KLF3;ACHE;FAU;YARS;MPP1;ASAP1;JAK2;ABCC4;IL6ST;PRDX2;RPL13;YAF2;RASA1;GUK1;GDF15;ARL15;ZEB2;AC105402.3;MOB1B;PRDX6;CALM2;TRANK1;RPL9;KDM5A;PCGF5;UBAC1;SRSF4;ID2;SLC3A2;CPLANE1;KLF13;GADD45A;HP1BP3;ASAH1;TMEM140;MEF2A;PSMD1;LAMTOR1;TMCC2;RPS27L;WDR26;ATP6V0C;SCAND1;MARCH8;HNRNPC;VCL;NEDD4L;EID1;MAP1LC3B;ZFP91;AC068587.4;RPL10;CHMP2A;AAK1;NARS;CCDC71L;TRAK2;CNOT4;PTPN4;EIF5B;ANKRD12;TBC1D15;TOMM20;RGS6;SELENBP1;N4BP2L2;ZFAND5;ZC3HAV1;STK17A;DDI2;PAN3;ESR2;DIPK2A;GAPVD1;TOR1AIP2;SMIM1;TMBIM6;HSPA5;CA1;CR1L;FHDC1;SPAG9;JMJD1C,0.2889741837110258,False
GATA1,GATA1_261,184,0.23251613853870579,0.07919042560430589,0.001998001998001998,0.51568869416884,SLC30A1;STAU1;EZR;PAN3;COX5B;RPL15;ASAP1;CREBRF;AP1G1;IL6ST;RBM26;EAPP;SF3B1;PSMB4;NDUFB9;ISCU;ZC3HAV1;TMSB4X;CD36;CNOT4;NDEL1;KLF13;FTX;ATP6V0C;ZFAND5;NACA;SRSF4;KMT2C;RPS27L;UPF2;TASOR2;RPLP1;WAC;ZEB2;TSTA3;C11orf58;RTN3;C9orf78;HBB;CYTOR;CALM2;KLHDC8B;USP34;FAM210B;HNRNPC;ELF1;HSPA5;MOB1B;TRANK1;ATF7IP;FNBP4;HBG2;AP2S1;UBE2E3;AAK1;RHCE;SESN1;RPL13;RPL18A;AKAP8L;RPLP0;UROD;SND1;SPAG9;PRDX2;BBX;XPO7;TBC1D15;HK1;RPL10;SMIM1;NUP153;PRPF4B;ARL4A;RNF10;PPIP5K2;BCAS3;MEF2A;ANKRD12;RPS19;HBG1;CHST11;AC105402.3;PAFAH1B1;EP300;MARCH6;ASCC3;MLXIP;MAP2K3;FHDC1;TMBIM6;GAPVD1;RPS5;TOR1AIP2;ESR2;DDI2;TCEA1;JMJD1C;GDF15;SELENBP1,0.004795204795204795,True
GATA1,GATA1_674,59,-0.007672404601285272,0.2521284488269,0.42657342657342656,0.3451904960978755,LAMTOR1;MAP2K2;KMT2A;RPLP1;SCAND1;EIF3D;HBB;FLACC1;COPB1;KLF13;RPL15;TSC22D2;GOLGB1;EIF4A2;TSTA3;HK1;NACA;ATF7IP;HBG2;GBF1;EID1;CD36;CALM2;ELF1;ASCC3;ASAP1;AP2S1;COX7A2;N4BP2L2;UROD;BBX;AP1G1;FNBP4;ZEB2;SMIM1;PSMB4;ZCCHC7;USP34;ZFAND5;ARL4A;EAPP;MAP2K3;PRPF4B;HMGB2;PTK2B;TBC1D15;MEF2A;CNOT4;CYTOR;KLHL24;C9orf78;RASA1;AKAP8L;IL6ST;RPL18A;SESN1;ISG20;TRANK1;AAK1;CHST11;KMT2C;C11orf58;SRSF4;CHMP2A;MOB1B;PRDX6;MARCH6;ATP6V0C;RHCE;RNF10;WAC;RPL10;ZC3HAV1;HBG1;UBE2E3;FHDC1;PAN3;HP1BP3;NDUFB9;RPLP0;NEDD4L;RPS5;PRDX2;GDF15;AC105402.3;BCAS3;HSPA5;ANKRD12;RPS27L;XPO7;RPL13;TOR1AIP2;TMBIM6;JMJD1C;DDI2;TCEA1;ESR2;GAPVD1;SELENBP1;SPAG9,0.46535282898919256,False
NFE2,NFE2_288,929,0.6674939592426389,0.03084894358844086,0.000999000999000999,0.7953040175625511,KMT2E;SPAG9;YIPF6;HSPA5;SQSTM1;SESN1;PRDX6;GALNT5;NDUFB9;SP100;HBD;MAN2A1;OGA;LMO2;PRPF4B;SGMS1;BCAP29;PSMF1;RFX3-AS1;ABHD5;DCAF11;SRP14;BPTF;AP2S1;CA2;RERE;FTX;FOXP1;TSC22D2;CSTB;B2M;KMT2C;BBX;EZR;IGF1R;KLHDC8B;CHST11;FOXO1;HNRNPC;MAP1LC3B;RPL10;CD58;ATP6V0C;VPS13B;SLC4A1;EID1;HNRNPA1;RPS19;ANXA7;GCLC;EIF5;TMEM14C;RPL15;MBOAT2;DDHD1;MARCH3;N4BP2L2;AC068587.4;FAM210B;NIBAN1;ZDHHC17;C9orf78;PURPL;AC105402.3;NUDT4;HSP90AA1;S100A6;LINC02772;IL1R1;TXNRD1;OSBP2;HSP90AB1;ABCC4;AC079804.3;UPF2;PGM2L1;SLC25A21;FTL;RPL13;RPL12;MAP4K4;TMSB4X;TMEM14B;NR3C1;RPL9;TALDO1;HERC1;FBXW7;DDI2;ANKRD12;GDF15;CPLANE1;HBM;DAPK1;MPP1;HMOX1;TMBIM6;CR1L;ELL2;ESR2,0.0034251462822891396,True
NFE2,NFE2_533,447,0.5330742435222917,0.04458787421282694,0.000999000999000999,0.7493720920319379,RPL41;C1GALT1;MOB1B;TMSB4X;UBAP1;LXN;YIPF6;HNRNPA1;PTK2B;ZEB2;FAM13A;LMO2;HK1;MYO1D;NR3C1;PABPC1;ASCC3;ZNF451;XPO7;SLC25A21;KDM5A;HBD;HBA2;PHC3;FOXO1;TNRC6B;MAP4K4;C9orf78;EZR;RERE;HSP90AA1;KMT2E;RPL13;TBC1D15;ATP6V0C;TFRC;KLHDC8B;ANXA7;SP100;HBB;SPAG9;PSMF1;BCAS3;LINC02772;MAN2A1;CA2;PURPL;TXNRD1;UPF2;BPTF;CNOT4;HNRNPC;FTX;PGM2L1;AP2S1;PRDX6;GDF15;ZDHHC17;SLC4A1;AC068587.4;RPL12;OSBP2;KMT2C;RPL9;UROS;EID1;EIF5;AC105402.3;MBOAT2;FAM210B;GCLC;HSP90AB1;FTL;CD58;RFX3-AS1;FOXP1;IL1R1;N4BP2L2;CHST11;MARCH3;TMEM14B;HERC1;CPLANE1;AC079804.3;FBXW7;ABCC4;HMOX1;TALDO1;NIBAN1;DDHD1;NUDT4;HBM;TMBIM6;ANKRD12;DDI2;DAPK1;CR1L;MPP1;ESR2;ELL2,0.0034251462822891396,True
NFE2,NFE2_682,448,0.7773980915132106,0.02472318425136868,0.000999000999000999,0.7627133341276096,XPO7;RFESD;C1GALT1;BBX;HSPA5;RPL12;FAM13A;EIF5;IGF2BP2;C9orf78;UBAP1;PABPC1;RPL13;HBA2;PAFAH1B1;ZDHHC17;RPL41;ZEB2;PHC3;GDF15;BPTF;PTK2B;NR3C1;TFRC;PAN3;KDM5A;VPS13B;RNF213;KMT2E;ZCCHC7;HBB;CNOT4;KLHDC8B;PSMF1;ZNF451;AP2S1;LXN;ASCC3;TNRC6B;CA2;FTX;LINC02772;RERE;EZR;GCLC;FTL;HBD;MAP4K4;SPAG9;PGM2L1;TXNRD1;SLC25A21;ANXA7;KLHL24;RFX3-AS1;HK1;TMEM14B;FAM210B;AC068587.4;CHST11;SLC4A1;MAN2A1;EID1;KMT2C;UROS;TBC1D15;MARCH3;PURPL;RPL9;UPF2;OSBP2;HNRNPC;HSP90AB1;AC079804.3;CD58;TALDO1;AC105402.3;NIBAN1;ABCC4;MBOAT2;ATP6V0C;IL1R1;PRDX6;CPLANE1;DDHD1;FOXP1;HMOX1;HERC1;N4BP2L2;NUDT4;HBM;FBXW7;TMBIM6;DAPK1;DDI2;ANKRD12;CR1L;MPP1;ELL2;ESR2,0.0034251462822891396,True
GFI1B,GFI1B_140,214,0.21843911872330585,0.116408262736407,0.001998001998001998,0.5947285944011492,MGST3;RAB3GAP1;RPS24;ZFP91;SPAG9;CFL1;HBA2;KLF13;RPLP0;PCLAF;SOD1;ARL6IP4;TOR1AIP2;RPL7A;HSPD1;PURPL;GDF15;ZNF217;HIST1H3B;NACA;YARS;ADIPOR2;JMJD1C;NCOR1;PCGF5;VCL;DDX42;COX7A2L;NAA50;MTRNR2L12;TMEM131;KDM5A;RPS21;NEDD4L;BCAP29;CEP350;TSC22D2;REXO2;BBX;TBC1D15;TESC;UBAP1;WAC;RPL12;CR1L;MAP4K4;RBM39;ZFAND5;TBPL1;RPS19;AC124947.1;FOXP1;EIF4A2;MEF2A;NR3C1;CREBBP;IARS;HBD;NARS;FAU;AP1G1;ESR2;PRDX2;RTN3;PRKDC;BPTF;TBC1D23;HBB;CCDC71L;CNOT4;YTHDC1;HNRNPC;TFDP1;IL6ST;EIF3A;TMBIM6;GAPVD1;AC105402.3;HSPA5;TCEA1;GRB10;TSTA3;RPL13A;RHCE;SELENBP1;ANKRD12;ZEB2;FBXW7;FHDC1;N4BP2L2;DDI2;UPF2;RPL10;TMEM14B;RPL9;XPO7;RPLP1;RPL13;TMSB4X;MOB1B,0.004795204795204795,True
GFI1B,GFI1B_413,361,-0.0332488999176576,0.08022874364913261,0.44655344655344653,0.6521995461350815,DYRK1A;PPP1CB;EEF2;CBX3;SDCBP;KLHL24;RPS13;PABPC1;MAP3K5;LRRFIP2;SESN1;RGCC;RPL3;CFLAR;NAP1L1;TOMM20;RPS2;ANKRD12;GRB10;BCAP29;EPB42;RPS14;FHDC1;PTMA;PRPF4B;RPS6;NFIA;DDX42;AP1G1;C11orf58;RPL26;TESC;ELL2;TBC1D23;RPL12;RPS23;ZFAND5;FCHO2;GAPVD1;RPL36;TSTA3;RHCE;NACA;RPL7A;EIF3D;RTN3;TBPL1;TMEM131;HINT1;RPL39;RPS5;C9orf78;EIF3A;RPS8;N4BP2L2;PURPL;NARS;BPTF;PCGF5;TSC22D2;RPL37;RNF24;AC105402.3;RPS21;SELENBP1;HIST1H3B;JMJD1C;XPO7;TFRC;RPLP0;TFDP1;EIF4A2;COX7A2L;RPL15;RPS19;HBB;ZEB2;MOB1B;RPS17;MGST3;RPS24;WAC;TMBIM6;RPL14;DDI2;HSPA5;UPF2;TMEM14B;HBD;RPL18A;TCEA1;FBXW7;RPL13A;TMSB4X;IL6ST;RPL10;RPL13;CREBBP;RPL9;RPLP1,0.4659688137949008,False
GFI1B,GFI1B_526,378,0.05627094187469131,0.06865348426381916,0.07792207792207792,0.6525723579723915,TAOK3;RPS24;CREG1;FTX;HMGB2;EPB42;LARP7;REXO2;SEPTIN7;ESR2;NDUFB9;VCL;RNF10;MOB1B;PTP4A2;CNOT4;TBPL1;FAU;GAB1;RPS8;JAZF1;FAM210B;RBM39;GADD45A;NPM1;ZFP91;PRDX6;ZC3H15;NCOR1;IGF2BP2;CHMP2A;CCNI;HBB;HEMGN;SESN1;ZFAND5;RPL14;NARS;CEP350;RPL13A;AC105402.3;PRDX2;TFDP1;CPLANE1;AP1G1;GALNT5;PABPC1;FCHO2;TBC1D23;RPL39;HIST1H3B;KMT2E;NAA50;PPP3R1;HBM;TESC;HNRNPC;ISG20;C9orf78;RGCC;NEDD4L;JMJD1C;EEF2;BBX;SPAG9;RPS21;RHCE;FOXP1;C11orf58;CR1L;KLF13;ADIPOR2;NACA;IL6ST;RPLP0;ANKRD12;N4BP2L2;ELL2;BPTF;TMBIM6;RPL10;CCDC71L;ZEB2;UBAP1;SELENBP1;RPLP1;NFIA;XPO7;RPL9;UPF2;TMSB4X;TBC1D15;DDI2;PCGF5;FHDC1;NR3C1;FBXW7;RPL13;TSTA3;TMEM14B,0.12437562437562437,False
BCL11A,BCL11A_476,285,0.14893263972060505,0.1383714030904848,0.04495504495504495,0.5975414255182315,GRB10;JAK1;SNW1;NARS;TOMM20;JAK2;TXNRD1;RPL36;RPS21;BLVRB;PCBP1;PRDX2;PIP4K2A;CREG1;PABPC1;CHPT1;CTBP2;PUM2;PJA2;RNF10;HERC1;RHCE;RPS23;KLF13;EIF5;UROD;MLXIP;HBD;HBG1;ATF6;FHDC1;AC105402.3;USP34;ISG20;TMSB4X;HIST1H3B;ZC3HAV1;IL6ST;TASOR2;C9orf78;DDI2;ZFAND5;FCHO2;CNNM2;SESN1;RPLP0;CHMP2A;USP7;TNRC6B;AGO2;GAPVD1;HECTD1;LPIN2;MEF2A;PTMA;RSRP1;FOXO3;UPF2;FOXP1;HAGH;KLHL24;BPTF;MOB1B;LARP1;HNRNPC;YTHDC1;RPLP1;TSC22D2;TMEM131;PCGF5;TMBIM6;NEDD4L;TOR1AIP2;TRANK1;RAB3GAP1;RPL10;XPO7;CCDC71L;ASAP1;MARCH3;TCEA1;SPAG9;NCOA1;SLC3A2;RPL9;IQGAP2;HBB;DIPK2A;RNF24;N4BP2L2;RPL13;PCM1;MBNL1;JMJD1C;MBNL2;GDF15;NR3C1;ZEB2;HBG2;ANKRD12,0.07706579135150562,False
BCL11A,BCL11A_686,216,0.1974695337874053,0.10269665752803005,0.005994005994005994,0.5831819504350756,AC124947.1;PTMA;TRIM33;UPF2;GCC2;ANKRD17;LUC7L2;ZC3HAV1;TOR1AIP2;NEDD4L;IGF1R;RNF10;KIAA0232;TRAPPC10;RGS6;KMT2C;CNOT4;JAK1;KLHL24;CLTA;AC068587.4;BLVRB;BCAS3;DDI2;PRDX5;CREG1;CEP350;MLXIP;FOXO3;RTN3;KLF3;RPS6;RPA1;RAB2A;CPEB4;GALNT5;TMSB4X;TASOR2;CHMP2A;PLEK2;RPLP0;RPL39;NDEL1;RPLP1;CFLAR;NFIA;ZNF451;C9orf78;PCM1;NCOA1;RAB3GAP1;LARP1;EIF3A;PCGF5;DIPK2A;HNRNPC;AC107223.1;MED28;TBC1D15;HAGH;TNRC6B;ISCU;PRDX1;PABPC1;USP34;EAPP;HBD;TBPL1;JMJD1C;MEF2A;PRDX6;PRDX2;RPL13;GAPVD1;FHDC1;CHPT1;MOB1B;IL6ST;RPL10;AC105402.3;RPS27L;FOXP1;TCEA1;TSTA3;BPTF;MARCH3;ASAP1;N4BP2L2;SPAG9;NR3C1;FAM13A;ZEB2;TMBIM6;HBB;HBG1;IQGAP2;RPL9;ANKRD12;GDF15;HBG2,0.013077831259649442,True
BCL11A,BCL11A_752,241,0.23010215224878444,0.09587051131546598,0.000999000999000999,0.5931388184840832,RPL12;TSG101;RPLP0;SESN1;RPS23;ZNF451-AS1;GALNT2;GAB1;ATF6;OSBP2;RPS9;CYTOR;CCT4;MED28;ANAPC16;SAP18;PTMA;TBC1D15;FAM13A;TRAK2;RPL13A;ANKRD17;KDM4C;TBPL1;CALM2;MBNL2;CNOT4;BCAP29;RSRP1;RPL36;HBD;CREBBP;HNRNPUL1;CFLAR;YWHAZ;KLF3;MAP4K4;HERPUD2;RPS21;IGF1R;HNRNPA1;MLXIP;RPS6;NFIA;CTBP2;GALNT5;HIST1H3B;AC105402.3;CREG1;HNRNPC;FUBP1;TMSB4X;NR3C1;TASOR2;KLF13;CNNM2;HSPA5;FOXO3;ISG20;RPL10;RASA1;MOB1B;CCDC71L;AC068587.4;EEF1G;PCGF5;RPS27L;VCL;SPAG9;TOR1AIP2;KLHL24;CHMP2A;USP34;IL6ST;JMJD1C;HSP90AB1;MBNL1;MEF2A;PRDX2;LARP1;HBB;RAB3GAP1;ZEB2;BPTF;PRDX6;FHDC1;IQGAP2;RPLP1;XPO7;RGS6;MARCH3;HBG1;RPL13;TCEA1;N4BP2L2;TMBIM6;RPL9;ANKRD12;HBG2;GDF15,0.0034251462822891396,True
TAL1,TAL1_523,212,0.05060675930210143,0.04678835717292728,0.04195804195804196,0.5739969145381136,ANKRD9;PDIA3;AP1G1;RPL14;HSPA9;PPP2R5E;SIK3;GALNT2;RPS13;SLC25A37;ZNHIT1;HSP90AA1;RNF24;ESR2;BLVRB;NR3C1;TMEM131;MAP1LC3B;BPTF;TOP1;AC068587.4;KLF6;EIF3D;PCM1;SELENBP1;KMT2C;PTMA;GALNT5;IL6ST;STAT5B;MOB1B;SET;DAPK1;ARL4A;FAU;TAB2;RPS17;UBE2I;ATP2B1;IGF2BP2;BPGM;ISCU;EPB42;KLF13;RPS19;FAM13A;JAZF1;EDEM3;EIF4A1;CREBBP;AAK1;ATF6;PAFAH1B1;NEDD4L;TESC;FOXP1;CCDC71L;GPX4;AP2S1;TMSB4X;RPL6;ADIPOR2;UPF2;DDI2;ASCC3;RPS27L;RPL39;CNOT4;TOR1AIP2;EIF3A;EIF4A2;RPS21;CAT;ZC3HAV1;CPLANE1;ZFAND5;JMJD1C;WAC;RHCE;RPL13;TCEA1;SLC4A1;PAN3;RPLP1;RPL10;CSTB;GDF15;MEF2A;HNRNPC;FBXO7;GAB1;RPL9;PRDX6;VCL;SPAG9;TBC1D15;ANKRD12;RTN3;TMBIM6;HSPA5,0.07706579135150562,False
TAL1,TAL1_536,280,0.006704586385538177,0.06847655326718767,0.1968031968031968,0.6054088660891079,ZC3HAV1;ANKRD9;RPS19;RPL15;KMT2E;LARP7;SELENBP1;GAPVD1;HMGB2;GRB10;WAC;PIKFYVE;TESC;FTL;MBNL2;YBX3;EIF3A;CDC73;PTMA;TMEM165;TTC17;KLC1;PBRM1;KLF13;NCOA4;NLK;SMCHD1;COPE;NR3C1;KLHL24;RPL14;RFX3-AS1;ESR2;RPS13;RNF24;CCDC71L;ATP2B1;GPX4;AAK1;ERMAP;PRDX2;RTN4;GALNT5;AP1G1;EIF4A1;GAB1;STAT5B;TOR1AIP2;CNOT4;EPB42;AC068587.4;FTH1;FBXW7;DDI2;EIF4A2;PTGES3;SLC25A37;CR1L;TAB2;FXR1;NEDD4L;RPL9;ADIPOR2;TMSB4X;PRDX6;RPS21;CREBBP;UPF2;JAZF1;JMJD1C;HAGH;RPL39;N4BP2L2;ALAS2;SLC4A1;TOP1;RPS27L;VPS50;RPL13;FAU;FBXO7;AP2S1;CPLANE1;FAM13A;ZFAND5;VCL;HNRNPC;RPLP1;RHCE;RPL10;RTN3;MEF2A;ANKRD12;SPAG9;CAT;GDF15;TCEA1;TMBIM6;TBC1D15;HSPA5,0.2624042624042624,False
TAL1,TAL1_556,308,0.03795681312585089,0.10426146005229357,0.27372627372627373,0.5984755979314085,HSPD1;KLF13;LCORL;BCAS3;KMT2E;C11orf58;TRANK1;MAP4K4;RACK1;UBE2I;KLC1;ANAPC16;C1D;HBP1;ASAP1;ATP2B1;EIF4A1;HIST2H2AC;MBNL2;NDUFB9;ISCU;ZC3HAV1;RNF10;BCAP29;NCOR1;CCNDBP1;ESR2;ZNHIT1;CCDC71L;NEDD4L;ZC3H15;RPL39;CNOT4;C9orf78;NRDC;MARCH8;AC105402.3;ZCCHC7;FTL;EID1;OSBPL8;FTH1;TBPL1;ISG20;COX7A2L;ATP6V0C;RNF24;HELZ;SPOP;ATF6;NLK;PNISR;FXR1;YTHDC1;IGF1R;FAU;RPL9;PTGES3;RPS21;GAPVD1;KLHL24;EIF4A2;SELENBP1;IGF2BP2;RPLP1;DAPK1;FAM13A;PAFAH1B1;CPLANE1;EIF3A;JMJD1C;MOB1B;NR3C1;CREBBP;DDI2;PAN3;GAB1;RHCE;HNRNPC;RPL10;KMT2C;PCGF5;RTN3;VCL;XPO7;WAC;ANKRD12;N4BP2L2;MEF2A;ZFAND5;RPL13;PRDX6;IL6ST;HSPA5;TCEA1;SPAG9;FHDC1;TMSB4X;TBC1D15;TMBIM6,0.32847152847152844,False
KLF1,KLF1_347,664,0.2724662528883508,0.043125017120919436,0.000999000999000999,0.7373936037300114,HBG1;JAZF1;EP300;GALNT2;PDCD4;SELENBP1;NUP88;CREBBP;HBA2;RAB11A;RLF;N4BP2L2;MAP2K2;MLXIP;GAPVD1;ASAP1;YTHDC1;HSP90AB1;C9orf78;DAPK1;BCAP29;EIF3A;RNF115;HAGH;AC105402.3;CFLAR;COX5B;RPL39;SPAG9;ZCCHC7;MARCH6;ARID4A;PSMD1;PI4K2A;EIF4A2;HBP1;RPLP1;FAU;GNAQ;STAM;PCGF5;MED13;RFX3-AS1;HLA-A;RPL13A;HBG2;LPIN2;CREG1;ZNF217;FOXP1;NFIA;NUDT4;SLMAP;CHST11;HNRNPC;KMT2C;CCDC71L;MARCH3;TCEA1;RBM39;KTN1;HSPA5;ZEB2;DDI2;HBB;MAP3K5;NR3C1;ZFP91;FTL;RHCE;GAB1;ZFAND5;RPL13;RNF10;PIP4K2A;HSP90AA1;PRDX2;XPO7;AGO2;PABPC1;CNOT4;JMJD1C;PRPF4B;PRDX6;KLHDC8B;MOB1B;MBNL2;TSTA3;IL6ST;GRB10;WAC;RPL9;TBC1D15;VCL;ANKRD12;RPL10;TMBIM6;TMSB4X;IQGAP2;UIMC1,0.0034251462822891396,True
KLF1,KLF1_395,559,0.11068025632265177,0.007873480874161471,0.001998001998001998,0.7204867544290486,HSP90AB1;ZNF638;BACH1;PRDX5;NDEL1;GALNT5;TMEM242;ST13;ZFAND5;CREB1;CDC73;NRDC;SET;CHPT1;TNXB;SPAG9;CIRBP;ARL6IP4;STOM;AC105402.3;PUM2;FXR1;HNRNPC;ARF4;PCGF5;MAP4K4;ANKRD9;TBC1D23;SHLD1;AAK1;GCC2;EPB42;NARS;EP300;SQSTM1;CREG1;PACSIN2;PI4K2A;FOXP1;UBAP1;MEF2A;TMSB4X;GAB1;ASAP1;FHDC1;SLC30A1;EIF4A2;RPL13;FAM13A;CYTOR;WAC;CNOT4;RCL1;KMT2C;TCEA1;MGST3;UIMC1;REXO2;RBM39;ASAH1;HAGH;ESPN;FAU;PAN3;CCDC71L;XPO7;NUDT4;GPCPD1;GAPVD1;DAPK1;MBNL1;GRB10;SELENBP1;JAZF1;RFX3-AS1;FTL;TOR1AIP2;RPL9;RHCE;CHST11;RPL10;ZEB2;ANKRD12;TSTA3;TBC1D15;IGF1R;KLHDC8B;HBB;DDI2;MOB1B;NR3C1;VCL;HBG1;NFIA;GNAQ;TMBIM6;IQGAP2;PIP4K2A;HBG2;PRDX2,0.004795204795204795,True
KLF1,KLF1_636,132,0.7847414276734077,0.14844229636758455,0.000999000999000999,0.5727285816382595,MGST3;PABPC1;TBPL1;N4BP2L2;GAPVD1;MBNL1;RFX3-AS1;RPLP0;RBM39;PDCD4;HNRNPA3;PHC3;RPS5;KLHL24;HBG1;AGO2;GPCPD1;BPTF;HAGH;CREBBP;ARF4;FAM13A;NUDT4;REXO2;RPL13A;C9orf78;C11orf58;EIF4A2;YBX3;MEF2A;CCDC71L;ZNF217;FHDC1;EP300;HNRNPC;BCAP29;RPL15;TOR1AIP2;ZFP91;HSPA5;CIRBP;IGF1R;FAU;DAPK1;NCOR1;FXR1;ASAP1;PAN3;PRPF4B;JAZF1;MED13;ANKRD9;RPLP1;ASAH1;ZFAND5;PI4K2A;ARL6IP4;ZEB2;IL6ST;CREG1;MAP4K4;RPL13;GAB1;FTL;TBC1D23;MOB1B;AC105402.3;KMT2C;SPAG9;XPO7;WAC;SELENBP1;PRDX6;JMJD1C;PCGF5;TBC1D15;GRB10;CNOT4;CHST11;TCEA1;FOXP1;HBG2;KLHDC8B;PIP4K2A;RHCE;GNAQ;HBB;UIMC1;NR3C1;TSTA3;DDI2;RPL10;RPL9;NFIA;TMSB4X;ANKRD12;PRDX2;IQGAP2;TMBIM6;VCL,0.0034251462822891396,True
GATA2,GATA2_176,356,0.03148875001537562,0.12819288991956135,0.4985014985014985,0.6923617614485683,RPS2;CREBBP;GALNT2;GDF15;PHC3;ADIPOR2;HSPA5;YTHDC1;HNRNPAB;GRB10;EIF4A1;VPS13A;RPL39;RPS8;KMT2E;EEF2;RBM39;UPF2;RPS12;RASA1;WAC;PURPL;KLF13;RNF24;C11orf58;FAM210B;COX7A2L;GAB1;RPS5;USP24;RPS20;PRDX6;RPL37;RPS16;TOR1AIP2;SELENBP1;RPL36;ZEB2;KLHL24;NARS;FTX;BPTF;IQGAP2;HNRNPC;PRDX2;RPL13A;RPS27;HNRNPA1;RPS19;TSTA3;EIF3A;B2M;HBB;CNOT4;MAP4K4;MEF2A;PRPF4B;ISG20;XPO7;FAU;ZFAND5;HAGH;NACA;TBC1D15;ASCC3;RPL18A;PTMA;NR3C1;SPAG9;RPL14;VPS50;AC105402.3;C9orf78;REXO2;NAP1L1;KMT2C;FHDC1;ZC3HAV1;HIST1H3B;VCL;RPS21;RPLP0;RPS24;RPL9;RNF10;PCGF5;MOB1B;RPL15;N4BP2L2;PABPC1;TCEA1;IL6ST;TMSB4X;DDI2;ANKRD12;RPL10;TMBIM6;RPLP1;RPL13;JMJD1C,0.49850149850149855,False
GATA2,GATA2_562,301,0.24208160295372486,0.13247113296220386,0.000999000999000999,0.680969526713881,FAM13A;CHMP2A;RPS6;VPS13A;MBNL1;RPS27;BBX;ZCCHC7;WAC;JAZF1;EEF2;HNRNPC;LPIN2;IQGAP2;UIMC1;RPS5;SLC3A2;BPTF;CNOT4;ADIPOR2;CR1L;HBM;ESR2;NAP1L1;FTX;GCLM;C11orf58;RNF24;TBPL1;MAP4K4;PURPL;PRDX2;VPS50;B2M;RPS19;PRPF4B;COX7A2L;RPL13A;TOR1AIP2;KLHL24;ZEB2;GDF15;TSTA3;PIKFYVE;NACA;HBB;RPL12;UPF2;KMT2E;RGS6;SCFD1;RPL37;PTK2B;RPL36;SELENBP1;RPL39;EIF3A;RPL14;GAPVD1;KMT2C;MEF2A;PRDX6;FAU;C9orf78;ZFAND5;VCL;XPO7;HAGH;ZC3HAV1;RPL18A;RPS24;ISG20;AC105402.3;IL6ST;KLF13;HIST1H3B;NR3C1;TBC1D15;REXO2;FHDC1;ASCC3;RPL15;SPAG9;RNF10;RPLP0;RPL9;PCGF5;TMSB4X;RPS21;N4BP2L2;TCEA1;MOB1B;RPLP1;PABPC1;ANKRD12;DDI2;RPL10;TMBIM6;RPL13;JMJD1C,0.0034251462822891396,True
GATA2,GATA2_752,913,0.05398507539446889,0.06166095241245081,0.08291708291708291,0.7532327991880051,TDRD3;MAP4K4;ADIPOR2;ZC3HAV1;KLHL24;TRANK1;USP24;RPS23;ZCCHC7;TSC22D2;RPS21;NDEL1;KMT2C;CNOT4;ATP6V0C;AP2S1;TAOK3;VPS50;ISCU;RPA1;TFRC;EIF3D;BCAP29;ARID4B;HBB;CPLANE1;FBXW7;YWHAZ;TOR1AIP2;GOLGB1;BBX;HIST1H3B;SLMAP;PIKFYVE;GADD45A;PRDX2;RTN3;ZBTB20;EP300;B2M;TSTA3;PTMA;UPF2;GALNT2;GAB1;RPL9;C11orf58;BPTF;GCC2;FAU;PAN3;PHC3;RHCE;SEL1L;ANP32B;EID1;IL6ST;COX7A2L;FHDC1;RPLP1;PSMD1;LPIN2;HSPA5;IGF1R;WAC;RPLP0;RPL14;HNRNPC;KLF13;KMT2E;ESR2;PURPL;RPL13;PABPC1;RPL15;AC105402.3;RPL10;RSRP1;GDF15;SPAG9;PKN2;NR3C1;EIF3A;RNF10;TBC1D15;PCGF5;ZFAND5;MOB1B;PRDX6;TCEA1;ZEB2;ASCC3;MEF2A;N4BP2L2;SCFD1;TMSB4X;JMJD1C;DDI2;TMBIM6;ANKRD12,0.12437562437562437,False
SPI1,SPI1_140,335,-0.0022320242388155125,0.10332274508286685,0.35864135864135865,0.6500438678900169,SNW1;MBNL1;RHCE;EZR;YBX3;FBXW7;RPS9;TRANK1;KLF3;ZBTB43;XPO7;RPS13;SF3B1;STMP1;ZNHIT1;RPS2;NEDD4L;GDF15;SETD2;RPL6;UBA6;TBC1D23;PCM1;RPS17;RPL23;JMJD1C;PUM1;PCGF5;SCFD1;YTHDC1;RPS16;CNOT4;HSPA9;IL1R1;IARS;IGF2BP2;RPL18A;TBC1D15;HIST1H3B;EIF5;HBB;ZFAS1;BPTF;GADD45A;EEF2;RACK1;CA1;UBAP1;PTGES3;HNRNPC;RPS21;TOR1AIP2;NEK7;COX7A2L;EIF4A2;SRSF4;RSRP1;RPS27A;RPS6;RPL17;MOB1B;DDI2;PRDX2;FOXP1;GALNT2;ASCC3;SELENBP1;RPL15;PABPC1;SPAG9;TFDP1;FAM13A;RPL39;C9orf78;RPL13A;ANKRD12;GAPVD1;RBM39;WAC;VCL;TMSB4X;RPS24;TSTA3;KLF13;N4BP2L2;RPLP0;GAS5;PURPL;PRPF4B;JAZF1;RPS19;RPL12;PRDX6;RPLP1;TMBIM6;AC105402.3;ZEB2;RPL13;TCEA1;RPL10,0.40987583844726705,False
SPI1,SPI1_295,364,0.03855728394890447,0.06137062405332604,0.11188811188811189,0.6456990436921993,ISG20;ATP6V0C;HNRNPC;UQCR10;GALNT2;RHAG;RPS6;PRKDC;CKS2;VPS50;SENP6;NARS;RPL6;EIF5;YBX1;HMGB2;KMT2C;DAPK1;YTHDC1;TFDP2;PTGES3;TESC;GDF15;NBAS;HBB;PRDX5;MLXIP;HIST1H3B;KLHL24;STMP1;SNW1;KMT2A;GIGYF2;ANAPC16;N4BP2L2;RPS28;RPL19;GAS5;VPS13B;ATG14;PPIP5K2;RASA1;RNF10;YBX3;IL1R1;PTK2B;JMJD1C;TFDP1;TRAPPC10;SPAG9;KDM5A;PSMD1;SCFD1;PRDX6;EEF2;WAC;CPLANE1;RPS17;PCGF5;RPS24;EIF4A2;RPL12;FAM13A;MOB1B;KLF13;RPS2;RPL18A;TRANK1;FAM210B;HSPA5;ANKRD12;EEF1B2;PURPL;KLF3;SELENBP1;RPS14;RPS27A;CR1L;RPL39;RPS19;PABPC1;RSRP1;ESR2;RPS27L;PRPF4B;RPL37;RPL9;ZEB2;RPLP0;AC105402.3;TSTA3;TMSB4X;COX7A2L;PCM1;TMBIM6;RPL15;RPLP1;RPL10;RPL13;TCEA1,0.15795968737145208,False
SPI1,SPI1_69,234,0.24007281162077676,0.14418367270974022,0.006993006993006993,0.6209451046571032,SPEN;PTMA;JAZF1;HNRNPC;GALNT2;CREBBP;RHAG;CKS2;RNF10;PSMD1;TBC1D15;NACA;RPS6;TFDP2;SAT1;KDM5A;RPL9;PTGES3;PAFAH1B1;NR3C1;CD46;ATG14;PRDX5;YTHDC1;UBAC1;INTS6;BCAP29;FAM210B;MEF2A;PIKFYVE;ISG20;HSPA5;SEC61B;RPS21;SEC24B;TRAPPC10;AP2S1;BBX;PURPL;EEF2;GAPVD1;KMT2E;RPL13A;EIF4A2;PABPC1;IL6ST;PTK2B;UBAP1;SLC3A2;HBB;TTC17;C9orf78;FOXP1;STMP1;TFDP1;FBXW7;RPL15;RPS17;RSRP1;RPL18A;YBX3;RPS24;HIST1H3B;IL1R1;SNW1;ZFAND5;FAM13A;MOB1B;WAC;PRPF4B;SF3B1;RPL37;FBXL20;N4BP2L2;PUM1;RPLP0;TSTA3;RPL12;COX7A2L;ASCC3;PCGF5;PCM1;RPS27L;AC105402.3;RPLP1;PRDX6;ESR2;VPS50;ZEB2;SPAG9;RPL39;JMJD1C;KLF13;TMSB4X;SELENBP1;ANKRD12;RPL10;RPL13;TMBIM6;TCEA1,0.013986013986013986,True
